date,returns,dbc,hyg,ief,spy,united-states-ig-oas-all-sector,united-states-hy-oas-all-sector,united-states-cmt10y
2018-01-04,0.00117712,-0.0011919,0.00170775,-0.0004748,0.00420603,0.8751855469530789,2.2813379248456997,2.46
2018-01-05,0.00047055,-0.0035842,0.00068228,-0.0012356,0.00664186,0.8771127005668621,2.20350374109527,2.46999999999999
2018-01-08,0.00054571,-0.0005986,-0.000796,-0.0004756,0.00182702,0.8757037352447079,2.22788337226245,2.49
2018-01-09,-0.0004524,0.00656523,-0.0030764,-0.0047687,0.00226088,0.859248730308958,2.19206528942538,2.55
2018-01-10,-0.0005195,0.00356295,-0.0021706,-0.0002868,-0.001531,0.860850045186517,2.26295761840598,2.55
2018-01-11,0.00085719,-0.0005929,0.00331107,0.00066918,0.00726959,0.851132341887504,2.23094604551347,2.54
2018-01-12,0.00072125,0.00650313,-0.0017113,-0.0006692,0.00649775,0.8436920848812051,2.2131274276990003,2.55
2018-01-16,0.00067423,-0.0047253,-0.0005711,0.00047803,-0.0034241,0.828736856710367,2.21036118335079,2.54
2018-01-17,4.32e-05,0.00118343,0.00011424,-0.0022009,0.00948658,0.8268161078478891,2.17553739206507,2.57
2018-01-18,-0.000857,0.0,-0.0010286,-0.0031662,-0.0016823,0.8253161645278481,2.18848433395701,2.62
2018-01-19,-9e-05,-0.0017757,0.00102863,-0.002598,0.00453937,0.7967554735129361,2.16478597683856,2.64
2018-01-22,7.36e-05,0.00236687,0.00091345,-0.0003855,0.00809807,0.810150799104438,2.1786496257411,2.66
2018-01-23,0.00061721,0.00706717,0.00296297,0.00288739,0.00212022,0.823278577414558,2.19113727377488,2.63
2018-01-24,-0.0001109,0.01050798,-0.0014804,-0.001924,-0.0003884,0.815156300362277,2.15450855215045,2.65
2018-01-25,0.00114081,-0.0058241,-0.000684,0.00221228,0.00042367,0.8166773164422859,2.17501820236836,2.63
2018-01-26,0.00050093,0.00756477,0.00079795,-0.0029829,0.01151132,0.798744626721452,2.12625299557181,2.66
2018-01-29,3.61e-06,-0.0029028,-0.0035386,-0.0025087,-0.006652,0.789771232137855,2.15360576605423,2.7
2018-01-30,-0.0009804,-0.0070012,-0.0034364,-0.0023213,-0.0103101,0.799380724925578,2.19043260755965,2.73
2018-01-31,0.00068783,0.00117028,0.00171969,0.00029046,0.00049675,0.784180997105845,2.16442442249134,2.71999999999999
2018-02-01,-0.0004686,0.00989243,-0.0018682,-0.0051646,-0.0011358,0.7631489735138259,2.13380840712141,2.78
2018-02-02,-0.0020509,-0.016346,-0.0063588,-0.0037106,-0.0220105,0.7651792235462329,2.12783796935305,2.84
2018-02-05,-0.0014232,-0.0094619,-0.0055827,0.00818399,-0.0427222,0.8117959533485779,2.36421392976015,2.77
2018-02-06,-0.0010181,-0.0059595,0.00604653,-0.0043759,0.01951062,0.7885348519056979,2.2371758486766797,2.79
2018-02-07,0.00058428,-0.0114218,-0.0037166,-0.002928,-0.0054397,0.799030174186408,2.21866057584075,2.84
2018-02-08,-0.0026141,-0.0103313,-0.0087653,0.00087929,-0.0382304,0.8229375560874701,2.35456714871826,2.85
2018-02-09,-0.003327,-0.0147695,-0.0028212,-0.0017594,0.01490984,0.8362055239149621,2.44007530783917,2.83
2018-02-12,0.00086434,0.00618049,0.00680434,-0.0002935,0.01457774,0.8437074129572789,2.36066841326273,2.86
2018-02-13,-0.00072,0.00184672,-0.0031618,0.00166219,0.00248429,0.882762710667113,2.44087218381169,2.83
2018-02-14,-0.0003917,0.01525815,0.00175778,-0.0060755,0.01340598,0.858739783892985,2.33131921471945,2.91
2018-02-15,0.00188024,0.00181543,0.00804622,0.00029483,0.01267939,0.846266871640732,2.25998239190921,2.9
2018-02-16,0.00153409,0.00181214,0.0040568,0.00235548,0.00029297,0.845660888964365,2.24021584373834,2.87
2018-02-20,0.00022262,0.00301296,-0.0034762,-0.0010789,-0.0062809,0.852540299472618,2.2303780084897,2.88
2018-02-21,-0.0005454,-0.0012041,-0.0045373,-0.0029484,-0.0049866,0.828146365231208,2.19901589025632,2.94
2018-02-22,-0.0003616,0.00899556,0.00069938,0.001377,0.00129522,0.8483129658696911,2.28112108190849,2.92
2018-02-23,0.00077338,0.00654569,0.00661985,0.00382597,0.01581365,0.865645407653508,2.28840327179591,2.88
2018-02-26,0.00135422,0.00532388,0.00173481,0.00117428,0.01154534,0.8557660450422531,2.22509268094245,2.86
2018-02-27,0.00036724,-0.0100801,-0.0026613,-0.0031345,-0.0125651,0.850883918893203,2.1947962548799698,2.9
2018-02-28,0.00023436,-0.010785,-0.0015073,0.00235179,-0.0101817,0.8676058665613,2.2428817653274398,2.87
2018-03-01,-0.0008156,0.0018056,-0.0066131,0.00429188,-0.0146475,0.9026805678646891,2.3402801407784697,2.81
2018-03-02,-0.0008195,0.0,0.00561339,-0.003716,0.00514178,0.9080208001690591,2.2930392051533097,2.86
2018-03-05,0.00058271,0.00599522,0.0,-0.0012744,0.01149162,0.904253235553634,2.27087188891052,2.88
2018-03-06,0.0012199,0.00357996,0.00139844,-9.81e-05,0.00253179,0.8874405304228791,2.22155819140934,2.88
2018-03-07,-0.0002724,-0.0107785,-0.0024486,0.0,-0.0003665,0.891005175781039,2.26644481236454,2.89
2018-03-08,3.07e-05,-0.0060387,0.00116673,0.00205812,0.00482739,0.885666266330602,2.26137118148726,2.86
2018-03-09,0.00093469,0.00964444,0.00360822,-0.0021562,0.01725272,0.888525865437655,2.2195809703797,2.9
2018-03-12,0.00080973,-0.0018013,-0.0016279,0.00235202,-0.0012559,0.890831314949218,2.24573472310282,2.87
2018-03-13,-0.0002131,-0.0030093,-0.003147,0.00166267,-0.0064837,0.8926987034393029,2.2655272521869403,2.84
2018-03-14,0.00037183,0.0,-0.0011681,0.00195255,-0.0051448,0.904030530761043,2.28815676129627,2.81
2018-03-15,-0.0008425,-0.000603,0.00070102,-0.0003902,-0.0010903,0.917493806249587,2.2922255402621,2.82
2018-03-16,-0.0001366,0.00361229,0.00210011,-0.0011715,0.0010866,0.901312269421342,2.197936249685,2.85
2018-03-19,-0.0008634,-0.0066325,-0.0040876,-0.0009773,-0.0136226,0.917511357313877,2.26106822167951,2.85
2018-03-20,-0.0007944,0.00663252,0.00198749,-0.0019575,0.00169917,0.920259913400116,2.2249648928035,2.89
2018-03-21,3.64e-05,0.01786825,0.00035032,0.00068557,-0.001921,0.924061894034521,2.24102316309073,2.89
2018-03-22,9.6e-05,-0.0077037,-0.0059723,0.00410357,-0.025315,0.9457908082230471,2.3274582988901,2.83
2018-03-23,-0.0010372,0.00888368,-0.0025873,0.00136412,-0.021545,0.963844584601534,2.32087320797842,2.82
2018-03-26,0.00093274,0.00058945,0.0064558,-0.0027301,0.02699147,0.953864351993867,2.27970869566733,2.85
2018-03-27,0.00068018,-0.0041335,-0.0009364,0.00564698,-0.0171582,0.987582831134808,2.37077465307898,2.78
2018-03-28,-4.12e-06,-0.0041506,-0.0004685,-0.0001942,-0.0029591,0.9790401011819899,2.34190637089874,2.77
2018-03-29,0.00104776,0.00887317,0.00339201,0.00203715,0.01269664,0.95997162363353,2.3430410202892302,2.74
2018-04-02,-0.0003503,-0.0136379,-0.0038593,0.00101885,-0.021821,0.96704418735409,2.37717172116415,2.73
2018-04-03,0.00021302,0.00535875,0.00282088,-0.0032053,0.01273558,0.9595690257888001,2.32615523631983,2.79
2018-04-04,0.00050987,-0.0041654,0.00222756,-0.0005839,0.01064225,0.948643808085755,2.31713252294295,2.79
2018-04-05,0.00079892,0.00475908,0.00081943,-0.0025341,0.00786096,0.934692162352372,2.24504834302561,2.83
2018-04-06,0.00055806,-0.0071471,-0.0022257,0.00438191,-0.0225379,0.956331919881498,2.3438681278378497,2.77
2018-04-09,-0.000413,0.01247417,0.00374576,0.00019431,0.00491628,0.9473720971409649,2.29282307289463,2.78
2018-04-10,0.00060297,0.01697436,0.00361538,-0.0017501,0.0157753,0.9355250691094299,2.22453955345107,2.8
2018-04-11,-0.0001292,0.00751666,0.00034918,0.00097267,-0.0052561,0.926979616503009,2.24463008100156,2.79
2018-04-12,0.00048181,-0.0040404,0.0036011,-0.0036036,0.00819352,0.9150867466519079,2.15570046839394,2.83
2018-04-13,0.00088442,0.0005782,0.00057961,0.00087775,-0.0029374,0.917488094118431,2.1535378407705803,2.82
2018-04-16,0.00034999,-0.0034742,0.00150541,-0.0004875,0.00818815,0.918094916438435,2.1299044400026,2.83
2018-04-17,0.00067077,0.00057988,0.00046275,0.00058502,0.01064156,0.918440214110274,2.10986444896184,2.82
2018-04-18,-3.12e-05,0.01838076,-0.0010415,-0.0039066,0.00073995,0.927409464813235,2.08834376137237,2.87
2018-04-19,-0.0018093,-0.003992,-0.003131,-0.0027438,-0.005563,0.934153621858835,2.14074874752056,2.92
2018-04-20,-0.0005586,-0.0017158,-0.002442,-0.0033419,-0.0085155,0.927415854647726,2.11694446862429,2.96
2018-04-23,-0.00064,-0.0005726,-0.0026814,-0.000985,-0.00015,0.939421492380746,2.15973051072186,2.98
2018-04-24,-0.0009248,-0.005168,-0.0019866,-0.0011833,-0.0135589,0.9434496504955899,2.1893046964290703,3.0
2018-04-25,-0.0015422,0.00172563,0.00011697,-0.0021731,0.00246862,0.9423534827464439,2.21794863197966,3.03
2018-04-26,0.00107138,0.00515908,0.00350263,0.00286349,0.01011444,0.947122145316873,2.20696570176206,3.0
2018-04-27,0.000815,-0.0005719,-0.0004663,0.00167479,0.00093832,0.951076293376448,2.21338390573959,2.96
2018-04-30,0.00036667,0.00456622,-0.0006999,0.0010822,-0.0077203,0.95181179785267,2.21374299117999,2.95
2018-05-01,-0.0009306,-0.005711,0.00074046,-0.0015611,0.00177529,0.962633002905161,2.220018406892,2.96999999999999
2018-05-02,-0.0007136,0.0,-0.0003513,0.00019732,-0.0067402,0.96139283640654,2.20907342017567,2.96999999999999
2018-05-03,-0.0011692,0.00628035,-0.0001171,0.00256158,-0.0022061,0.968252952996031,2.25308894205104,2.94
2018-05-04,-0.0003346,0.00680661,0.00070266,9.84e-05,0.01286337,0.978281060890712,2.22968174640879,2.95
2018-05-07,0.00016699,-0.0005655,0.00093611,-0.0004921,0.00337749,0.9724525054536121,2.20997848343621,2.95
2018-05-08,-0.0019782,0.00282406,-0.0015216,-0.0016748,0.0,0.976523723782047,2.21177572339829,2.96999999999999
2018-05-09,-0.0009045,0.00898378,0.00163858,-0.0022704,0.0096194,0.974280286886312,2.19178264268735,3.0
2018-05-10,0.0020277,0.00501813,0.00291937,0.00207315,0.0093072,0.96421147423037,2.19778924747874,2.96999999999999
2018-05-11,0.00054892,-0.0061367,-0.0003499,9.86e-05,0.0030466,0.9731478002191329,2.20183011777017,2.96999999999999
2018-05-14,-0.0004463,0.00724843,0.00023326,-0.0021718,0.00047634,0.968928360776573,2.18001013261387,3.0
2018-05-15,-0.0020816,0.00111049,-0.00491,-0.0055495,-0.0069108,0.971250747216292,2.17430408798848,3.08
2018-05-16,0.00065783,0.00553405,0.00128828,-0.002089,0.00419627,0.9610028271717481,2.1569823779205,3.09
2018-05-17,-0.0008731,0.00110314,0.00058503,-0.0005977,-0.0008452,0.9615256053867429,2.1724881808214103,3.11
2018-05-18,4.64e-05,0.00055112,-0.0010533,0.00387848,-0.002503,0.968040148250788,2.22441659911914,3.06
2018-05-21,0.00032528,0.0076839,0.00140417,0.00069455,0.0074904,0.964592168077763,2.20150536394415,3.06
2018-05-22,0.00067878,0.0010929,0.00070134,-0.0003968,-0.002784,0.9691442086220241,2.2012011292233797,3.06
2018-05-23,0.00011592,0.00544664,0.00081761,0.00455401,0.00274741,0.974005340495121,2.27451048240443,3.01
2018-05-24,0.00101136,-0.0065395,0.0005836,0.00256486,-0.0020507,0.972536044920962,2.2671520154322398,2.98
2018-05-25,0.00039462,-0.0148722,-0.0016349,0.00393314,-0.0023855,0.977954057449418,2.3087995537156103,2.93
2018-05-29,-1.13e-05,-0.0094787,-0.0042165,0.01073705,-0.0115677,1.01184197405394,2.50733150101883,2.77
2018-05-30,-0.0001721,0.01280285,0.003047,-0.004281,0.01325648,1.0064483090462601,2.33976060475637,2.84
2018-05-31,-0.0001509,-0.0027693,-0.0009365,-0.0004876,-0.0061448,0.997299207788449,2.3287774304630697,2.83
2018-06-01,-0.0007312,-0.0066778,0.00228409,-0.0036923,0.00976979,0.992818874288951,2.2745579006758603,2.89
2018-06-04,0.00087091,-0.0117946,0.00211069,-0.0035381,0.00474021,0.987890636777277,2.24052899229474,2.94
2018-06-05,0.00055962,0.00169348,0.00117069,0.00255654,0.00072727,0.987917803786487,2.26190568794991,2.92
2018-06-06,-0.000496,0.00337838,0.00245399,-0.0040344,0.00832584,0.994999236851716,2.2145268899993202,2.96999999999999
2018-06-07,0.00030004,0.00392707,0.00035008,0.00423083,-0.0001082,0.999070928803348,2.25198375176802,2.93
2018-06-08,6.28e-05,-0.0005601,-0.0005835,-0.0013755,0.00295198,0.9949170726801231,2.22563089340423,2.93
2018-06-11,0.00029037,-0.0005604,0.00186611,-0.0009837,0.00132914,0.9998203941087119,2.20414061220147,2.96
2018-06-12,-0.0001713,-0.0005607,0.00081533,-0.0005907,0.00129153,0.996757864261575,2.18436136041829,2.96
2018-06-13,-0.0003241,0.00391828,0.00034922,-0.0011824,-0.003196,0.988711227544007,2.15201886956877,2.98
2018-06-14,0.00044951,-0.0112361,0.00290546,0.00314992,0.00251455,0.99027472225421,2.16822688275164,2.94
2018-06-15,-0.0005609,-0.0245937,-0.0005804,0.00078593,-0.0012622,0.997999951652616,2.18019681675949,2.93
2018-06-18,-0.0009418,0.00864808,-0.0001161,0.00049089,-0.0020589,1.01001187469392,2.1879895474738897,2.92
2018-06-19,-0.0014406,-0.0103867,-0.0013945,0.00259772,-0.0038402,1.02258584646335,2.22410563097595,2.89
2018-06-20,0.00086597,-0.0011608,0.00104609,-0.0031868,0.00170454,1.03105470000584,2.15180764829744,2.93
2018-06-21,0.00056448,-0.007578,-0.0020933,0.00264823,-0.0062885,1.0563213211273699,2.21913206976683,2.9
2018-06-22,0.0013181,0.01969936,0.00011641,0.00019589,0.00182156,1.05481313869644,2.20143056494959,2.9
2018-06-25,-0.0006688,-0.0115408,-0.0023307,0.00137013,-0.0137064,1.07234007146332,2.2541310204075002,2.87
2018-06-26,-0.0004642,0.00981816,-0.0001167,0.00048888,0.00221157,1.07038724865565,2.26330511990587,2.88
2018-06-27,-0.0003797,0.00515908,-0.0021026,0.00380507,-0.0083187,1.06695582483097,2.31369002305943,2.83
2018-06-28,-0.0015799,-0.0005719,-0.0028103,-0.0009743,0.00570119,1.0717731762898601,2.3545594770318603,2.84
2018-06-29,0.00055207,0.01137669,-0.002348,-0.0007801,0.00143866,1.06097443231419,2.3174431806037,2.85
2018-07-02,-0.0006422,-0.0211497,0.00096225,-0.0006847,0.00213573,1.05634150180188,2.35734541964182,2.87
2018-07-03,0.0006902,-0.0011561,0.00011795,0.00253956,-0.0035375,1.05469646049021,2.3641435146794603,2.83
2018-07-05,0.00047999,0.00576703,0.00376693,9.75e-05,0.0081249,1.0437834492790201,2.3425574050158597,2.84
2018-07-06,0.00069142,0.0045898,0.00258156,0.00087749,0.00842256,1.04579411785624,2.35608441314579,2.82
2018-07-09,0.00147959,0.00513846,0.00152234,-0.0025371,0.00896413,1.03099107013167,2.28961188438474,2.86
2018-07-10,0.00049529,-0.0022805,0.00011701,-0.0007819,0.00359196,1.02929992242965,2.28941802352213,2.87
2018-07-11,-0.0006211,-0.0354379,-0.0015222,0.00205128,-0.0073413,1.0354504503142201,2.30982650353058,2.85
2018-07-12,0.00063742,0.00530818,0.00315882,-0.0003904,0.0090251,1.02436775813857,2.2856476320049,2.85
2018-07-13,0.000934,0.00176315,0.0,0.00165813,0.00078718,1.02285158850389,2.29453050472032,2.83
2018-07-16,0.00017152,-0.0213658,-0.0007011,-0.0016581,-0.0008946,1.02245759543304,2.27525973099085,2.85
2018-07-17,5.16e-05,0.00119904,0.00035061,-0.0005859,0.00403709,1.02244034492627,2.2755141207513,2.86
2018-07-18,0.00013081,0.00894727,0.00046729,-0.0007817,0.0021014,1.01691347827421,2.26869158621824,2.88
2018-07-19,0.00027705,-0.0011884,-0.0004673,0.00273331,-0.0037786,1.01712283980779,2.29989142879735,2.84
2018-07-20,1.69e-06,0.00710903,0.00046729,-0.0035156,-0.0011435,1.0147267258769501,2.26128571152876,2.89
2018-07-23,-6.38e-05,0.00353565,-0.0003504,-0.0049034,0.00185754,1.01826219833892,2.23601381064779,2.96
2018-07-24,0.00059577,0.00528015,0.00210084,0.00068793,0.0050195,1.0008800875100698,2.22627775909715,2.95
2018-07-25,0.00036782,0.01336841,0.00186372,-0.0006879,0.00848631,0.9934450215421791,2.2081295492524298,2.94
2018-07-26,0.00083403,0.0,0.00011637,-0.001082,-0.0023619,0.982097121439834,2.20014108444605,2.98
2018-07-27,0.00124442,-0.0040498,-0.0003491,0.00157341,-0.0067994,0.968445563688226,2.21029834958314,2.96
2018-07-30,0.00016262,0.00578036,0.00034914,-0.0012782,-0.0052372,0.964411642896122,2.205568906268,2.98
2018-07-31,0.00046225,-0.0057804,0.00209229,0.00137646,0.00491734,0.950512160277324,2.18246588069948,2.96
2018-08-01,-0.000911,-0.0145988,0.0009006,-0.0023599,-0.001672,0.941470126253088,2.1507659868495197,3.0
2018-08-02,-0.0009812,0.00586512,0.00058238,0.00118343,0.00543277,0.9422496546443849,2.1790279017211,2.98
2018-08-03,0.00091061,0.00350263,0.00081476,0.00255931,0.0042757,0.940431342133119,2.2218559101779,2.95
2018-08-06,0.0002008,0.00174673,0.00185982,0.00049142,0.00366043,0.9367950421720199,2.20474836370757,2.94
2018-08-07,-0.0008322,0.00753408,0.00046441,-0.0020656,0.00329698,0.941598628833082,2.15527234393558,2.98
2018-08-08,-0.0008299,-0.0121988,-0.0005806,0.00088578,-0.0004203,0.957383578609553,2.18709190808519,2.96
2018-08-09,-0.0007078,-0.0040996,-0.0006971,0.00275076,-0.0013672,0.9687326269618769,2.22021819044879,2.93
2018-08-10,-0.0015909,0.0,-0.0017449,0.0043074,-0.0067227,0.9857043059188371,2.28066169591725,2.87
2018-08-13,-0.0039185,-0.0052957,-0.0006988,-0.0002931,-0.0037505,0.993615241592747,2.27406604178715,2.88
2018-08-14,0.00019053,0.00176835,0.00174612,-0.0009776,0.00636045,0.976035791173671,2.2362702152455403,2.89
2018-08-15,-0.0001557,-0.0220313,-0.0017461,0.00244224,-0.0074954,0.9898268167037589,2.31761506296246,2.86
2018-08-16,0.00124529,0.00779614,0.00128078,-0.0002928,0.00805886,0.973719933543104,2.25938446765559,2.87
2018-08-17,0.00022692,0.00417288,0.00116293,0.00039032,0.0035142,0.969917227735812,2.26458422761406,2.87
2018-08-20,0.00036263,0.00178306,0.00046479,0.00311709,0.00213761,0.9704384231409161,2.28969469985083,2.82
2018-08-21,0.00022009,0.00177989,0.00150908,-0.0013625,0.00234262,0.973909244970571,2.2555321129601,2.85
2018-08-22,0.00022749,0.01412619,0.00034793,0.0018487,-0.0005939,0.9802241467721611,2.25896303616004,2.82
2018-08-23,0.00034296,-0.0017549,-0.000116,-9.72e-05,-0.0013288,0.9856553294939521,2.25198185654983,2.82
2018-08-24,9.91e-05,0.00758242,0.00173802,0.00029162,0.00600037,0.980358021505063,2.24677222646123,2.82
2018-08-27,0.00027176,0.00348028,0.00034724,-0.0022379,0.00786437,0.973199651293379,2.2126139315721303,2.85
2018-08-28,-8.55e-05,-0.0040615,-0.000463,-0.0022429,0.00048301,0.975887027896878,2.19715541874856,2.88
2018-08-29,-4.8e-05,0.01098594,-0.0005791,-0.0002929,0.00536637,0.97505715275721,2.19911563910734,2.89
2018-08-30,-0.0010367,-0.0017266,-0.0008113,0.00185375,-0.0040565,0.990632850498578,2.24726333487153,2.86
2018-08-31,-0.0006453,0.00115141,0.00127455,0.00019493,3.44e-05,0.9931561258046661,2.23974830560512,2.86
2018-09-04,-0.0013394,-0.0057704,-0.002061,-0.0022837,-0.0017238,1.00130901461609,2.22984483191214,2.9
2018-09-05,-0.0001676,-0.0040592,-0.0010494,-9.79e-05,-0.002695,1.00449488855755,2.24804317653023,2.9
2018-09-06,0.00127723,-0.0058275,0.00081628,0.00205349,-0.0030146,1.00181076410668,2.2782635203296,2.88
2018-09-07,-2.11e-06,0.00233509,-0.0010496,-0.0045036,-0.0019453,1.0006307613049301,2.22530829250539,2.94
2018-09-10,0.00062911,0.00349244,0.0019817,0.00058858,0.00173702,0.994404763074778,2.23130394663503,2.94
2018-09-11,-0.0003198,0.00982951,0.00023288,-0.0036351,0.00329204,0.981876842177322,2.18263578560139,2.98
2018-09-12,0.00119877,0.00688076,0.00232585,0.00118041,0.00024214,0.979783625772146,2.18831631481776,2.96999999999999
2018-09-13,0.0015268,-0.0109165,0.0018568,-9.83e-05,0.00589708,0.969721858045836,2.15989371936236,2.96999999999999
2018-09-14,0.00115224,-0.006375,0.00092711,-0.0018698,0.00017191,0.967611446652266,2.14236167549274,2.99
2018-09-17,0.00056033,-0.0011635,-0.0006952,0.00019699,-0.0053083,0.969597200684677,2.16611202214316,2.99
2018-09-18,-0.000368,0.00927005,-0.0001159,-0.0041449,0.00541147,0.967117442760286,2.10692377286911,3.05
2018-09-19,0.00028206,0.00632368,-0.0018566,-0.0017321,0.00106505,0.9667647930907479,2.13805129283686,3.08
2018-09-20,0.00178949,0.0,0.00139276,0.00014858,0.00807118,0.9407497568981771,2.1213462124885,3.07
2018-09-21,0.00121455,0.00228964,0.00023194,0.00039612,-0.000901,0.945990788906307,2.13761292333834,3.07
2018-09-24,0.0003631,0.01475623,-0.0004639,-0.0010897,-0.0033276,0.951169081230002,2.1285030789660397,3.08
2018-09-25,9.44e-05,0.00225099,-0.0008124,-0.0009917,-0.0009282,0.945529961278217,2.1221223521064,3.1
2018-09-26,0.00132128,-0.004507,0.00104439,0.00326879,-0.0029967,0.939351185135654,2.15281851569587,3.06
2018-09-27,0.00115415,0.00450705,0.001854,0.0,0.00279036,0.9349157607686991,2.1308234021887,3.06
2018-09-28,0.00033952,0.0100672,0.00069436,0.00049434,0.0001032,0.937497370384353,2.12764834222139,3.05
2018-10-01,-7.28e-05,0.01874366,0.0028881,-0.0025293,0.00346811,0.932151035424474,2.08505463034358,3.09
2018-10-02,0.00052226,0.00327154,-0.0008115,0.00257834,-0.0005829,0.932801943688476,2.10114981373503,3.05
2018-10-03,-0.0005455,0.00921166,-0.0026708,-0.0074557,0.00054862,0.931630330097657,2.03622076647519,3.15
2018-10-04,-0.0021782,-0.0108461,-0.0037279,-0.0025977,-0.0078464,0.942538032723145,2.13466692594692,3.19
2018-10-05,-0.0012295,-0.0021834,-0.004445,-0.0024038,-0.0056127,0.954581732228669,2.13607566621795,3.23
2018-10-09,-0.0002148,0.00709804,0.00152627,0.00190276,-0.0014603,0.9488958752953061,2.22243037695829,3.21
2018-10-10,-0.0018989,-0.0197809,-0.007182,0.00050013,-0.0321753,0.9723864649661721,2.3452709902729,3.22
2018-10-11,4.89e-05,-0.0150967,0.00082679,0.00409162,-0.0222728,0.9706487793904419,2.29325880857012,3.14
2018-10-12,0.00126261,0.00785638,0.00529881,-0.0011958,0.01379282,0.972854641157964,2.24131606124529,3.15
2018-10-15,0.00033194,0.00223339,-0.0007049,0.00059809,-0.0056328,0.975962970327386,2.26574662142248,3.16
2018-10-16,0.00099079,0.00445187,0.00340236,-9.97e-05,0.02163026,0.965383873484725,2.2039961279366302,3.16
2018-10-17,0.00034698,-0.0089237,-0.0019931,-0.0028944,0.0001783,0.963065480825604,2.2003651990930297,3.19
2018-10-18,-0.0009585,-0.0112677,-0.0042338,0.00179748,-0.0145464,0.9661340494036069,2.27910028163813,3.17
2018-10-19,-0.0002451,0.00564973,0.0005891,-0.001198,-0.0005428,0.988368884901262,2.24774758298338,3.2
2018-10-22,0.00021453,0.00112613,0.00047103,0.00019976,-0.0044988,0.9830512718225739,2.2760047517838,3.2
2018-10-23,-0.0011779,-0.0221915,-0.0009423,0.00259326,-0.0051037,0.994113080759019,2.3668500190900703,3.17
2018-10-24,-0.000482,-0.0069284,-0.0049616,0.00536461,-0.0307671,1.0047806956210301,2.42479908425156,3.1
2018-10-25,-0.0006332,0.00404742,0.00201124,-0.0023807,0.01778157,1.01107573340328,2.3970594935857803,3.14
2018-10-26,-0.0004666,0.00747345,-0.0045013,0.00445921,-0.0177439,1.02427788281683,2.50897436899433,3.08
2018-10-29,-0.0002876,-0.0103628,-0.0009502,-9.89e-05,-0.0055557,1.02878183712595,2.48082852572852,3.08
2018-10-30,-0.0013314,-0.0052219,0.00237389,-0.0021778,0.01470974,1.03700089888893,2.48434063590059,3.12
2018-10-31,-8.76e-07,-0.0134702,0.0,-0.0024805,0.01062417,1.03707066858619,2.41873713926833,3.15
2018-11-01,0.0010345,-0.0071006,0.00456624,0.00085769,0.01058561,1.03892262293572,2.43884740971796,3.14
2018-11-02,0.00029169,-0.0023781,-0.0005932,-0.005586,-0.0059406,1.03233625547961,2.32246359804974,3.22
2018-11-05,0.00094973,-0.0005954,0.00083032,0.0006,0.00550177,1.02996364481109,2.3668320363970197,3.2
2018-11-06,0.00050597,-0.0041779,0.00260509,-0.0011003,0.00630802,1.02037645802788,2.32920257345495,3.22
2018-11-07,0.00126601,-0.0023952,0.00577798,0.0,0.02118289,1.00537604467089,2.26260688520561,3.22
2018-11-08,3.88e-05,-0.0060132,-0.0024722,-0.0014021,-0.0018165,1.01373395510395,2.29158037892404,3.24
2018-11-09,-0.0006197,-0.0109158,-0.0056738,0.00390098,-0.0098163,1.01850614090833,2.4048779811474,3.19
2018-11-13,-0.0015957,-0.0278915,-0.0016712,0.00079594,-0.0018728,1.05596746768948,2.54694586657137,3.14
2018-11-14,-0.001451,0.00876101,-0.0019134,0.00208634,-0.0068602,1.07887042253718,2.58735911875596,3.12
2018-11-15,-0.0017711,-0.0018709,-0.0002394,0.00069448,0.01038263,1.10267332124104,2.64114309493521,3.11
2018-11-16,-0.0009232,0.0062228,-0.0029978,0.00306977,0.00259717,1.1194901522590701,2.7279662752561,3.08
2018-11-19,-0.0010024,0.0,-0.0031273,0.00148199,-0.0170592,1.1488616040711102,2.7355728845190996,3.06
2018-11-20,-0.00294,-0.0308686,-0.0031371,-0.0001975,-0.0186795,1.1691540379012,2.77960642031105,3.06
2018-11-21,0.00061443,0.00828294,0.00506269,-0.0001975,0.00340175,1.1542469185736999,2.69271582660644,3.06
2018-11-23,-0.000146,-0.0296223,-0.0055462,0.00059242,-0.0067011,1.1589116845026,2.77295645528755,3.05
2018-11-26,-0.000487,0.00456473,0.00470419,-0.00079,0.01601542,1.15616063245109,2.7334126415847697,3.07
2018-11-27,-0.0014902,-0.0039113,-0.0004815,0.00098736,0.00335884,1.18296424938985,2.7794480342623302,3.06
2018-11-28,0.00073985,-0.0032712,0.00827293,-9.87e-05,0.02276425,1.2110304969806,2.70606149981575,3.06
2018-11-29,0.00122425,0.0065317,0.00023878,0.00256284,-0.0021875,1.22384854188783,2.72982421079054,3.03
2018-11-30,0.00023458,-0.0045677,-0.0020314,0.00196696,0.00607683,1.2347394741403,2.7608344805503497,3.01
2018-12-03,0.00308525,0.02263272,0.00688101,0.00218401,0.01315453,1.21205839249037,2.64037684369739,2.98
2018-12-04,0.00034086,0.00063918,-0.0062246,0.00460672,-0.032939,1.24511858532742,2.7933090891417205,2.91
2018-12-06,-0.0029884,-0.0083414,-0.0034883,0.00253931,-0.0015183,1.27604063427594,2.89018974177102,2.87
2018-12-07,-0.000167,0.0115312,-0.0019298,0.00292199,-0.0235102,1.3313037192338601,2.87258732174144,2.85
2018-12-10,-0.0014263,-0.0160517,0.00072411,0.00058337,0.00189523,1.35067448632495,2.92636015551641,2.85
2018-12-11,-0.0001332,0.00580834,0.00180799,-0.0025304,0.00022719,1.32778134960658,2.84444842760854,2.89
2018-12-12,-9.01e-05,-0.0032227,0.00324617,-0.0027322,0.00502276,1.3057442882590602,2.78529291883675,2.91
2018-12-13,0.00023148,0.01282891,0.0023978,0.00058611,-0.0003391,1.2924992290894,2.8136197570755597,2.91
2018-12-14,-0.0002841,-0.0154146,-0.0041999,0.00156128,-0.0186374,1.2944790293855102,2.88032733531345,2.89
2018-12-17,-0.0012401,-0.0117189,-0.0065147,0.00292085,-0.0198134,1.3064906388482,2.96775168346203,2.86
2018-12-18,-0.0017495,-0.0211788,-0.0017931,0.00245489,-0.0010971,1.32425229184047,3.06086030002879,2.82
2018-12-19,-0.0006997,0.00400535,-0.0090565,0.00349244,-0.015089,1.3320934218303901,3.17443467643058,2.77
2018-12-20,-0.0036964,-0.0093709,-0.0087671,-0.0012598,-0.0164119,1.3410764503522699,3.31484172569846,2.79
2018-12-21,-0.0017887,-0.0087809,-0.0049733,0.0008723,-0.0205616,1.35900925762041,3.35891972028417,2.79
2018-12-24,-0.0007953,-0.0108972,-0.0075066,0.00251572,-0.0267783,1.38709953607677,3.4650129647546204,2.74
2018-12-26,-0.000616,0.02199401,0.01668781,-0.0047465,0.04928992,1.39504597399072,3.37529971059637,2.81
2018-12-27,0.0003193,-0.0095629,-0.0006177,0.00252134,0.00764799,1.4160049757328599,3.4167960969395197,2.77
2018-12-28,0.00035826,-0.0082702,0.00148185,0.00540907,-0.0012908,1.41496525549188,3.3814902511481804,2.71999999999999
2018-12-31,0.00096808,0.00276434,0.0007401,0.00374982,0.00872069,1.4150258193002099,3.38028161195248,2.69
2019-01-02,0.0010504,0.00275672,-0.0013573,0.0021091,0.00103979,1.42395309447236,3.43298118741707,2.66
2019-01-03,0.00100162,0.00822486,0.00049377,0.00791724,-0.0241521,1.46736670136474,3.52321759102182,2.56
2019-01-04,0.00647691,0.01355953,0.01664461,-0.0081088,0.032947,1.4323628605944898,3.0910628847594803,2.67
2019-01-07,0.00555631,0.00738011,0.00966308,-0.0027816,0.0078537,1.4242739757265,3.0329832393170197,2.7
2019-01-08,0.00282444,0.0099768,0.00647019,-0.0025005,0.00935153,1.39840202358975,2.93977408164177,2.73
2019-01-09,0.00185977,0.01965987,0.0011936,0.00057759,0.00466256,1.36743947242183,2.9115192001209196,2.74
2019-01-10,-0.0007098,-0.0025991,0.00392881,-0.0004813,0.00352133,1.37179727542845,2.91726469118497,2.74
2019-01-11,0.00061589,-0.0032584,-0.0032133,0.00298034,0.0003862,1.36905154995601,2.9436488977175,2.71
2019-01-14,-0.0012263,-0.0085218,-0.0032237,-0.0005761,-0.0061195,1.37427498994085,2.9752531086728697,2.71
2019-01-15,0.00116612,0.00786889,0.00334289,-0.000961,0.01139558,1.3653483289048298,2.92169697952577,2.71999999999999
2019-01-16,0.00238035,0.00521174,0.00154826,-0.000577,0.0024169,1.3416495603988199,2.86009347835176,2.73
2019-01-17,0.00044117,0.00064956,0.00273338,-0.0018295,0.00755815,1.31420124888832,2.84165729101481,2.75
2019-01-18,0.00208855,0.01033601,0.00284428,-0.0031855,0.01322221,1.270702271603,2.7594173145950704,2.79
2019-01-22,0.00012081,-0.0070945,-0.0066493,0.00347457,-0.0136026,1.27283868565816,2.91004616668364,2.74
2019-01-23,0.00065064,-0.0012953,0.00202321,-0.0004819,0.00209018,1.2499649083214799,2.86239984261987,2.76
2019-01-24,0.00119843,0.002589,0.00106946,0.00317598,0.00053135,1.23891954966889,2.9001136222056902,2.71999999999999
2019-01-25,0.00109185,0.00515797,0.00249096,-0.0023088,0.0084258,1.2163029080606,2.79934864046951,2.76
2019-01-28,-0.0003547,-0.0135968,-0.0015413,0.00028889,-0.0076293,1.22038904938138,2.88774754254808,2.75
2019-01-29,0.00041013,0.00973086,-0.0005934,0.00288434,-0.0013278,1.20611038872389,2.8783352056305898,2.71999999999999
2019-01-30,0.00059914,0.00707626,0.00792294,0.0023015,0.01570683,1.19542741323306,2.86652277569898,2.7
2019-01-31,0.00276656,-0.0051414,0.00247044,0.00458716,0.00874408,1.17070613592955,2.83141305891932,2.63
2019-02-01,0.00045676,0.00898018,-0.0004713,-0.0053507,0.00048149,1.17394643385627,2.77258776182323,2.7
2019-02-04,0.0008355,0.00063837,0.00235905,-0.0022119,0.00701084,1.1613336912391,2.7519586361273296,2.73
2019-02-05,0.00232981,-0.0044771,0.00352817,0.00173144,0.00418303,1.14380519862797,2.71210237509252,2.71
2019-02-06,0.00033963,0.00128123,-0.0009396,0.00076857,-0.0013191,1.14477039423149,2.7125234780751204,2.7
2019-02-07,-0.0006688,-0.0096495,-0.0034136,0.00325983,-0.0095786,1.1701214809968399,2.82533408380143,2.65
2019-02-08,-0.0002208,0.00129199,-0.0002358,0.0013392,0.00122084,1.17332377231199,2.8349528624955798,2.63
2019-02-11,-0.0003644,-0.0058271,0.00047164,-0.0015307,0.00055444,1.17402316195032,2.8021981873365798,2.65
2019-02-12,0.00101257,0.00582715,0.00482155,-0.0013413,0.01277738,1.1605548799718601,2.7271326660469,2.68
2019-02-13,0.00111932,0.00579339,-0.0014088,-0.0024957,0.00324173,1.1537120923731599,2.72854337761784,2.71
2019-02-14,0.00013184,0.0025641,0.00011747,0.00469822,-0.0022207,1.16311588086364,2.7778575476593397,2.66
2019-02-15,0.00128949,0.0183957,0.0031666,-0.000957,0.01083835,1.1526272589194901,2.71288454405013,2.66
2019-02-19,0.00104675,0.00251099,0.00035123,0.00172199,0.00172904,1.1691934979351,2.7687717993167897,2.65
2019-02-20,0.00026325,0.00312989,0.00081905,-0.0001912,0.00201345,1.1733563769370199,2.71093375954216,2.65
2019-02-21,0.00025336,0.00312013,-0.0009361,-0.0029681,-0.0035622,1.18301670808968,2.70198273395901,2.69
2019-02-22,0.00118281,0.00248911,0.00198819,0.00296807,0.00618084,1.17514198183533,2.72499627286801,2.65
2019-02-25,0.00115748,-0.0150285,0.00081752,-0.0015308,0.0013604,1.1762826716266601,2.69472895563067,2.67
2019-02-26,0.00161278,0.00440668,0.00128332,0.00296381,-0.0007158,1.17493388953302,2.6816813002376803,2.64
2019-02-27,-0.0003949,0.00501254,0.00034971,-0.0035385,-0.0004297,1.16693791811471,2.63451094416914,2.69
2019-02-28,1.27e-05,-0.0025031,-0.0005829,-0.0025901,-0.0018642,1.14711171508008,2.61295228757151,2.73
2019-03-01,-0.000361,-0.0113423,0.0028253,-0.0032784,0.00622431,1.1482570062776,2.55660401606133,2.76
2019-03-04,0.00041459,0.00316356,-0.0015197,0.00308493,-0.003644,1.1439701966256701,2.6117317035988403,2.71999999999999
2019-03-05,3.25e-05,0.00504097,-0.0004681,0.00057737,-0.001361,1.13886870590776,2.6125161024445203,2.71999999999999
2019-03-06,-0.0002278,-0.0056729,-0.0016399,0.00278592,-0.0060753,1.14133989658328,2.6641433862279,2.69
2019-03-07,-0.0004461,-0.0025316,-0.0007036,0.00335201,-0.0084007,1.14619961066334,2.71805663215435,2.64
2019-03-08,-0.0015897,-0.0006339,-0.0016438,0.00143314,-0.0020019,1.15288054635249,2.75976596765139,2.62
2019-03-11,0.00121767,0.00126743,0.00328485,-0.0007641,0.01439707,1.14178424291305,2.69206593898743,2.64
2019-03-12,0.00140263,0.00631315,0.00175531,0.00276705,0.00376392,1.14545572999729,2.7042783379884296,2.61
2019-03-13,0.00053475,0.00627355,0.00268551,-0.0003812,0.00659739,1.14128664227537,2.64981835320789,2.61
2019-03-14,2.92e-05,-0.0043873,-0.0006999,-0.0014308,-0.00064,1.1420135974960899,2.65614569864232,2.63
2019-03-15,0.00134924,0.0,0.00093305,0.00314511,0.00491678,1.1368335688284699,2.66621011524616,2.59
2019-03-18,0.000761,0.00501254,-0.0003498,-0.0013331,0.00361934,1.13479835172688,2.65181216525678,2.6
2019-03-19,0.00031685,0.00249688,0.00058292,-0.0006672,0.00024791,1.16285710373044,2.6612921851405504,2.61
2019-03-20,0.00015827,0.00745345,0.00430308,0.00693622,-0.0030145,1.17075724573327,2.71700141524657,2.54
2019-03-21,0.00116331,-0.0049628,-0.0002321,-0.0004736,0.01123131,1.16056886530492,2.66684174795067,2.54
2019-03-22,-0.0003921,-0.0087446,-0.0036049,0.007362,-0.0194339,1.18156362427079,2.82352739611497,2.44
2019-03-25,-0.0015697,0.00375705,-0.0003495,0.00253581,-0.0007523,1.21021478521193,2.88740688023697,2.43
2019-03-26,0.00067851,0.00187324,0.00244428,-0.0008446,0.00742648,1.16036996397472,2.74754166894969,2.41
2019-03-27,-0.0003931,-0.0056303,0.00069727,0.00290603,-0.0052428,1.16256840212852,2.8169667963721796,2.39
2019-03-28,-0.0003569,-0.0031417,0.00197296,9.36e-05,0.00378329,1.14865427754325,2.75908930862001,2.39
2019-03-29,0.00189177,0.00062913,0.00254748,-0.0015924,0.00628564,1.13405605540899,2.69683207639771,2.41
2019-04-01,0.00120636,0.00938974,-0.0002366,-0.0068852,0.01178948,1.12177529821911,2.60370627863143,2.49
2019-04-02,0.0007315,0.00248911,0.00046463,0.00170116,0.00048968,1.12802981271204,2.67951682885015,2.48
2019-04-03,0.00056797,0.00124224,0.00034833,-0.003121,0.00157235,1.12315134533761,2.6046501130533897,2.52
2019-04-04,0.00083918,0.00062054,0.00150803,0.00104142,0.00264993,1.11669783836682,2.62827726107535,2.51
2019-04-05,0.00121408,0.00309694,0.00185292,0.00047301,0.00482849,1.12170278444089,2.65480271027782,2.5
2019-04-08,8.8e-05,0.00370371,-0.0005787,-0.0016092,0.00076209,1.11356763775279,2.61613594121704,2.52
2019-04-09,0.00040589,-0.0018501,-0.0006948,0.00179831,-0.005138,1.11197171491723,2.63994835290535,2.51
2019-04-10,0.00066184,0.00860485,0.00439256,0.00236128,0.00340515,1.10606156387084,2.64356336578749,2.48
2019-04-11,6.66e-05,-0.004908,0.0014983,-0.0022667,-0.0002775,1.08930214406245,2.58227546426566,2.51
2019-04-12,0.00020721,0.00307031,0.00149606,-0.0046439,0.00674311,1.06457633732623,2.5067232074865102,2.56
2019-04-15,0.00050478,-0.0018411,-0.0006902,0.00132903,-0.000655,1.0558130834291999,2.51988787736729,2.55
2019-04-16,8.51e-05,-0.0036923,-0.0005755,-0.0034211,0.00065503,1.05327117734831,2.49895851781975,2.6
2019-04-17,0.00039746,-0.003706,-0.0024209,0.00019037,-0.0024499,1.05404139686276,2.52879185101269,2.59
2019-04-18,0.00041036,0.00308928,0.00046157,0.00237654,0.00196732,1.06128287695415,2.56872823278102,2.57
2019-04-22,-0.0003355,0.00492309,-0.001732,-0.0014252,0.00086164,1.07352293435505,2.55623454793116,2.59
2019-04-23,0.00068727,0.00122699,0.00346101,0.00180497,0.00895144,1.0718170547197199,2.55350443432414,2.57
2019-04-24,0.00033841,-0.0036855,-0.001383,0.00378932,-0.0022218,1.06732054545169,2.58875688439724,2.53
2019-04-25,-0.0010199,-0.0018479,0.0004612,-0.00123,-0.0006161,1.0620401678804101,2.5727384660225,2.54
2019-04-26,0.00104854,-0.0117831,0.00253281,0.00264726,0.00464593,1.05888061479397,2.6026324127700002,2.51
2019-04-29,0.00015299,0.00062364,-0.00046,-0.0020794,0.00156654,1.0632784935089001,2.5677972257682398,2.54
2019-04-30,0.00073658,0.00311236,0.00011503,0.00198497,0.0005103,1.06061687263212,2.58743304897106,2.51
2019-05-01,0.00077104,-0.0031124,-0.0032586,-0.000456,-0.0075449,1.04484755953807,2.56190918809631,2.52
2019-05-02,-0.0005557,-0.0112854,0.00069509,-0.0028439,-0.0021613,1.0663611879329,2.56296728400282,2.55
2019-05-03,0.00130575,0.00063032,0.00254453,0.00132815,0.00974017,1.07256587487449,2.53750196753297,2.54
2019-05-06,-0.0002938,0.00314565,0.00046195,0.00255646,-0.0041237,1.09471015047908,2.6244607374135698,2.51
2019-05-07,-4.25e-05,-0.0126424,-0.006022,0.00339847,-0.0168407,1.10110784514777,2.6679172612171196,2.45
2019-05-08,-0.0008587,0.00127146,0.00034841,-0.0018866,-0.0013902,1.10427646858246,2.6394487035903,2.49
2019-05-09,-0.0008465,-0.0050956,-0.0015107,0.00264027,-0.0030304,1.12738586130655,2.7487947407739397,2.45
2019-05-10,5.96e-05,0.00191388,0.00278713,-0.0006594,0.0050108,1.11948049535514,2.70562798897139,2.46999999999999
2019-05-13,-0.0016102,-0.0051118,-0.0092038,0.00498192,-0.0254513,1.16432673584885,2.89827308490068,2.4
2019-05-14,0.00022366,0.01336323,0.00222131,-0.0009381,0.009003,1.15954536179147,2.8149764884646697,2.42
2019-05-15,0.00053534,0.00881063,0.00093382,0.00318591,0.00584036,1.17119232414518,2.88095660553721,2.37
2019-05-16,0.00078466,0.00562326,0.00302889,-0.0019666,0.00921859,1.16185264069035,2.7882087514991003,2.4
2019-05-17,0.00029979,-0.0093897,-0.000349,0.00046858,-0.0064861,1.16984430321117,2.81110412502498,2.39
2019-05-20,-4.35e-05,0.00439285,-0.0009313,-0.0016879,-0.006634,1.17459067777045,2.7882107806294103,2.41
2019-05-21,0.00082233,0.00062598,0.00313972,-0.0011269,0.00897527,1.17435989888383,2.75570549760765,2.43
2019-05-22,0.00032038,-0.0144976,0.00081239,0.00300216,-0.0030762,1.18729470545359,2.82061225610064,2.39
2019-05-23,-0.0003191,-0.021175,-0.0050009,0.00607053,-0.0122939,1.21072665374682,2.9328663779590602,2.31
2019-05-24,0.00021243,0.01352678,-0.0014001,-0.0002794,0.00226581,1.2144707296593,2.88807958435466,2.32
2019-05-28,0.00073666,0.00828294,-0.0009345,0.00436783,-0.009344,1.23203873628442,2.96995017312316,2.26
2019-05-29,-0.0009384,-0.0038144,-0.0026915,-0.000371,-0.0067333,1.2448949999321899,3.0066594594353897,2.25
2019-05-30,0.00068126,-0.0102434,0.00210699,0.00361128,0.00272744,1.24209903377587,3.01646478352556,2.22
2019-05-31,-0.0006239,-0.0267378,-0.0072762,0.00663291,-0.0135669,1.26866860665429,3.2050609410184303,2.14
2019-06-03,0.00016899,-0.0033102,0.00161002,0.00478814,-0.0025462,1.28983978255045,3.26207895518948,2.07
2019-06-04,0.00043775,0.00595043,0.00999127,-0.0036691,0.02147443,1.26475808357917,3.05342942864548,2.12
2019-06-05,0.00071975,-0.0206468,0.00233645,0.0,0.00862487,1.2477029926467,3.0741283018406396,2.12
2019-06-06,0.00091271,0.01734533,0.00209815,-0.0001838,0.00648163,1.23766410753602,3.04362209983326,2.12
2019-06-07,0.00192977,0.00330142,0.00255844,0.00394442,0.00995728,1.23568802993918,2.8803685190888,2.09
2019-06-10,0.00067492,-0.0026403,0.00150873,-0.005002,0.00457841,1.22495395458919,2.84411018494885,2.15
2019-06-11,0.00125752,0.00658764,0.00139066,0.0,-0.0002423,1.23696791950421,2.85656658838165,2.15
2019-06-12,0.00070906,-0.0138845,-0.0023188,0.00261882,-0.0017669,1.25419225530294,2.93330123935789,2.13
2019-06-13,0.00050464,0.01257046,0.00231884,0.00247468,0.00411787,1.26908115201592,2.930716846008,2.1
2019-06-14,0.00068997,0.00393701,-0.0006951,0.00073206,-0.0011057,1.27979552339115,2.9421808801533897,2.09
2019-06-17,0.00032134,-0.0045947,-0.0015077,-0.000183,0.00038021,1.26192068595042,2.92009312898598,2.09
2019-06-18,0.00183723,0.01177254,0.00693965,0.00191947,0.01041658,1.24674283951983,2.8700427453416397,2.06
2019-06-19,0.00018194,-0.0019525,0.00471455,0.00273573,0.00225464,1.2517808557933099,2.9314505487055196,2.03
2019-06-20,0.00295378,0.01999422,0.00503491,0.00163785,0.009509,1.19807416320187,2.7824715319767,2.01
2019-06-21,-0.0012802,0.00255102,-0.0032011,-0.0040997,-0.0014372,1.2009952607,2.83850596360189,2.07
2019-06-24,0.00100482,0.00444869,-0.0001145,0.00346305,-0.0012252,1.19366695146362,2.86698337679368,2.02
2019-06-25,-0.0003253,0.00316556,-0.0042463,0.00154538,-0.0098563,1.22211678092967,2.92474690826598,2.0
2019-06-26,-0.0001962,0.00504415,-0.0004601,-0.0040959,-0.0009979,1.20138506395893,2.8367340391702403,2.05
2019-06-27,0.0012676,0.0,0.00275767,0.00300533,0.00353971,1.18020738375753,2.88201743355674,2.01
2019-06-28,0.00096265,-0.0107494,0.00034417,0.00045457,0.0051326,1.1529280360874201,2.85129694723262,2.0
2019-07-01,0.0036475,-0.0006359,0.00030609,-0.0012509,0.00903754,1.12650479787916,2.78522430992034,2.03
2019-07-02,0.00101435,-0.0166777,0.00218604,0.00354917,0.00260096,1.13822920391271,2.85401340555089,1.98
2019-07-03,0.00159774,0.00965569,0.00378549,0.00190589,0.00796335,1.13557057215604,2.8316222158785003,1.96
2019-07-05,-0.0008758,0.00192,-0.0040154,-0.0063671,-0.0011385,1.14014049533657,2.75842331219705,2.04
2019-07-08,0.00073823,-0.0012796,-0.0019562,-0.0010042,-0.00551,1.1504545703393,2.79832431326371,2.05
2019-07-09,-0.0004895,0.00319591,-0.0011525,-0.0006396,0.00124577,1.15892597039317,2.80715753825854,2.07
2019-07-10,8.58e-05,0.02146547,0.00276371,0.00054825,0.00476671,1.14726070883664,2.8082029208777697,2.07
2019-07-11,-0.0007687,0.00062441,-0.0019568,-0.0049451,0.00234145,1.13289941535663,2.7645151644198,2.13
2019-07-12,0.00026923,0.00249377,0.00161179,0.00110102,0.00446697,1.1462380629602,2.80287996361028,2.12
2019-07-15,0.0010908,-0.0106417,0.00068997,0.0021069,0.00033256,1.15590130972122,2.8150104242801803,2.09
2019-07-16,-4.64e-05,-0.0107562,-0.0020713,-0.0021986,-0.003464,1.15654923691394,2.80162928813056,2.13
2019-07-17,0.00047229,-0.0089457,-0.0012679,0.00466628,-0.0065947,1.16067961427876,2.87761382657841,2.06
2019-07-18,-0.0009638,-0.0070854,0.00046125,0.0024616,0.00365423,1.167986083085,2.9392153665677396,2.04
2019-07-19,0.00015007,0.00580085,-0.0017308,-0.0018228,-0.0055705,1.14621415118016,2.86288955056055,2.05
2019-07-22,0.00028382,-0.0032185,0.00334352,0.00045602,0.00245349,1.14262979723241,2.87279978582171,2.05
2019-07-23,4.74e-05,0.00642676,0.00172503,-0.0016426,0.00712461,1.13010705589054,2.8213604021666,2.08
2019-07-24,0.00076839,-0.0044944,0.000804,0.00146025,0.00468852,1.1292414204506,2.83529644844278,2.05
2019-07-25,-5.9e-05,-0.0038685,-0.0013787,-0.0017343,-0.0047885,1.12989390004168,2.7934777131931297,2.08
2019-07-26,0.00083767,0.00129116,0.00218203,-0.0001827,0.00667765,1.11431711607925,2.7831514684445398,2.08
2019-07-29,0.00099661,0.00386349,-0.0014925,0.00091333,-0.0018228,1.12249502893397,2.80485657598888,2.06
2019-07-30,0.00016634,0.0057674,0.00045945,0.00045635,-0.0024577,1.13717714010093,2.8342019304431396,2.06
2019-07-31,0.00149856,-0.0064103,-0.001724,0.00255172,-0.0110007,1.13171795723684,2.8203426938210496,2.02
2019-08-01,0.00029903,-0.0280423,-0.0004836,0.01125623,-0.0087461,1.16147505386781,2.9705531543706702,1.9
2019-08-02,-0.0003351,0.00132188,-0.0015037,0.00207142,-0.007558,1.18256624951731,2.98402219398295,1.85999999999999
2019-08-05,-0.0019723,-0.0086236,-0.0104725,0.00859989,-0.0305346,1.2807852778210198,3.3541592331271897,1.75
2019-08-06,0.00047136,-0.005344,0.00641289,0.00160428,0.01392556,1.25512339711648,3.1748295612394997,1.73
2019-08-07,9.38e-05,-0.0128077,-0.0001162,0.0,0.00059051,1.28862195804307,3.23202917859569,1.71
2019-08-08,0.00033703,0.00541273,0.00394432,8.91e-05,0.01943011,1.28006440157529,3.1336629681246304,1.72
2019-08-09,3.5e-05,0.00873368,-0.0013903,-0.0015149,-0.0068348,1.2678052773014,3.1327080502288,1.74
2019-08-12,-0.0022513,-0.0073851,-0.0034843,0.00631197,-0.0122481,1.28858717600366,3.23474409681559,1.65
2019-08-13,-0.0028667,0.02331108,0.00441143,-0.0035511,0.01543209,1.26660925226516,3.07293555749674,1.68
2019-08-14,-0.0022089,-0.0152573,-0.0089593,0.00664808,-0.0300135,1.30989095278662,3.3574547772001604,1.58999999999999
2019-08-15,0.00074109,-0.0080537,0.00291767,0.00634084,0.00263829,1.32115929879594,3.30421039965791,1.52
2019-08-16,4.82e-05,-0.0006741,0.00337386,-0.0026371,0.01464717,1.3073679907017002,3.2694114938010603,1.55
2019-08-19,-0.0008213,0.00470906,0.00289939,-0.0047644,0.01197578,1.28495104567424,3.17075445498481,1.6
2019-08-20,0.00120453,0.00268097,0.00081033,0.00441229,-0.0076921,1.28091582309812,3.2247622329105297,1.55
2019-08-21,0.00136731,0.00334113,0.00427228,-0.002645,0.00810249,1.25770876352241,3.1112896575775197,1.58999999999999
2019-08-22,-0.0001808,-0.0046807,0.00184183,-0.0022096,-0.0003078,1.23915926490138,3.06134010947277,1.62
2019-08-23,0.00053968,-0.0074,-0.004611,0.00670197,-0.0260232,1.25797648233119,3.23332708500292,1.52
2019-08-26,-0.0005366,-0.0006754,0.00495593,-0.0009672,0.01099775,1.2537108645248098,3.1248242632913,1.54
2019-08-27,0.00123427,0.00673403,-0.00046,0.00430146,-0.0039313,1.26604111923233,3.1657430138228397,1.49
2019-08-28,-0.000359,0.00868699,0.00241255,0.00035032,0.00701684,1.2880653109440399,3.15475161350444,1.47
2019-08-29,-0.0009835,0.00265781,0.00103217,-0.0019283,0.01269214,1.28409052125041,3.10828914127803,1.5
2019-08-30,4.44e-05,-0.0160539,-0.0009174,0.00026317,-0.0004352,1.2905421988339,3.1342287284243504,1.5
2019-09-03,-0.0001691,-0.0054091,-0.0028519,0.00219414,-0.0058392,1.3146868034361798,3.22364728705956,1.47
2019-09-04,0.00079353,0.02345166,0.0020778,0.00157673,0.01101393,1.30232571951083,3.1552204876796703,1.47
2019-09-05,-0.0002813,-0.0013254,0.003913,-0.0080851,0.01277649,1.2938462373141,3.0441098177838,1.56999999999999
2019-09-06,0.00202928,0.00264901,0.00091848,0.00061747,0.00100705,1.29417497709932,3.0354289191536297,1.55
2019-09-09,-5.91e-05,0.00921666,0.00103229,-0.006192,0.00050314,1.27864941054336,2.95678881937874,1.63
2019-09-10,0.00033961,0.00130976,0.00057303,-0.0073026,-0.0002348,1.28177001166756,2.89907273322501,1.72
2019-09-11,0.00100618,-0.007225,-0.0001146,-0.0009837,0.00708583,1.28530372328169,2.94885629659858,1.75
2019-09-12,0.00039293,-0.003963,0.00057277,-0.0022392,0.0034578,1.27012350991594,2.89796720343462,1.79
2019-09-13,-0.0013414,0.0,-0.001834,-0.0091884,-0.000664,1.25454947997903,2.8427254556105903,1.9
2019-09-16,0.00180784,0.04338654,0.00355037,0.00433448,-0.0030936,1.26393140850774,2.86963759306346,1.83999999999999
2019-09-17,0.00044259,-0.0191944,0.00057146,0.00260968,0.00252878,1.25889729450974,2.8766218179080196,1.81
2019-09-18,0.00077269,-0.0064809,-0.0005715,0.00035942,0.00059799,1.26455058434308,2.87882390780193,1.8
2019-09-19,0.00026547,0.00518808,-0.0011439,0.0004491,-6.64e-05,1.2551622234826,2.89053621925023,1.79
2019-09-20,0.00071798,0.00129283,0.00125822,0.00573067,-0.0047047,1.23784416714329,2.91348603076497,1.74
2019-09-23,0.00054839,0.00258065,-0.0004574,0.00142755,-0.0002347,1.2344542877235098,2.9035495362122,1.72
2019-09-24,0.00050745,-0.0116657,-0.0013733,0.00498044,-0.0078778,1.26153116868963,3.00956909300435,1.64
2019-09-25,-0.0016119,-0.0058843,-0.0010312,-0.0065866,0.00589734,1.25752774518593,2.9334662231572004,1.73
2019-09-26,0.0008245,0.0,-0.0006881,0.00214095,-0.0020854,1.25470351775052,2.9914359061542,1.7
2019-09-27,0.00071316,-0.0039422,-0.0011478,0.00142476,-0.0054018,1.24254809905912,3.00794858283995,1.69
2019-09-30,0.00039068,-0.009924,0.00114784,0.00080053,0.00462706,1.23223529979821,3.01262477402396,1.68
2019-10-01,-6.57e-05,-0.0006651,-0.0022886,0.00276012,-0.011966,1.23034385440032,3.0862008566621397,1.65
2019-10-02,-0.0012135,-0.008687,-0.0059052,0.0034573,-0.0178226,1.24768634017842,3.2055959428893903,1.6
2019-10-03,-0.0001063,-0.0013432,0.00058048,0.00520766,0.00815936,1.25626172837893,3.27292717781987,1.54
2019-10-04,0.00112657,0.00803217,0.0031288,0.00193492,0.01344138,1.23783017529969,3.1871723718677702,1.52
2019-10-07,0.00032618,-0.0013342,-0.0008102,-0.0033445,-0.0043239,1.24654380951696,3.04942460795658,1.56
2019-10-08,-0.0012042,-0.0006678,-0.0037123,0.00211361,-0.0156465,1.27639346198343,3.20320831402854,1.54
2019-10-09,-9.98e-05,0.00266845,0.00301729,-0.0025545,0.00945161,1.25622063309331,3.08757318209558,1.58999999999999
2019-10-10,-0.0005121,0.00664013,0.00127381,-0.0062818,0.00674071,1.24321063720385,3.03493019380955,1.67
2019-10-11,0.0007607,0.01184224,0.00415753,-0.0068576,0.01031357,1.20641243666137,2.9405412317825803,1.76
2019-10-15,0.00050733,-0.0026316,0.00218579,-0.004824,0.00985163,1.17855933036012,2.9060584645249903,1.77
2019-10-16,-0.0001308,0.00131666,-0.0008047,0.00196815,-0.0016073,1.18464521104637,2.96686821324116,1.75
2019-10-17,0.00027221,0.0039396,0.00137915,-0.0003576,0.00294472,1.1680053425552999,2.91684898206473,1.76
2019-10-18,0.00077266,-0.0006555,0.00022967,0.00089366,-0.0043868,1.1564389175277399,2.9455636559312097,1.76
2019-10-21,7.68e-06,-0.0013123,0.00034441,-0.0036691,0.00675633,1.14553672449154,2.90421271080711,1.8
2019-10-22,0.00088962,0.00131234,0.00022954,0.00232829,-0.0032721,1.15295575863783,2.95371396211255,1.78
2019-10-23,0.00063732,0.01238204,0.00091764,0.00035772,0.00290538,1.15525356210473,2.92756770604439,1.77
2019-10-24,0.00042587,0.00516797,0.00114587,-0.0001788,0.00163265,1.15266396836187,2.93870981170985,1.77
2019-10-25,0.00020303,0.00578222,0.00080133,-0.0021486,0.00408659,1.1426728164870001,2.88767935911517,1.8
2019-10-28,-6.05e-05,-0.0038511,-0.0001144,-0.0037712,0.00562078,1.12598009072292,2.8710799133704596,1.85
2019-10-29,0.00057636,-0.0019311,-0.0018328,0.0008992,-0.0002968,1.14075901951077,2.87291300305647,1.83999999999999
2019-10-30,-0.0001365,-0.0064641,-0.001262,0.00484176,0.00306249,1.15873754607889,2.95646149593784,1.78
2019-10-31,0.00065001,-0.0058537,-0.0034499,0.00633055,-0.0026668,1.17183149302998,3.05752971168237,1.69
2019-11-01,0.00012855,0.01810004,0.00427529,-0.0018843,0.00922119,1.15620873975615,2.98977470806165,1.73
2019-11-04,0.00045695,0.00638572,0.00207111,-0.0050963,0.00400972,1.1438369620711,2.90663342605396,1.79
2019-11-05,-0.0010713,0.00254291,-0.001035,-0.0053928,-0.0011068,1.13526137783927,2.89837139590027,1.85999999999999
2019-11-06,0.00049219,-0.0108523,-0.0011513,0.00287977,0.00022796,1.13355071568326,2.9638198806713802,1.81
2019-11-07,-0.0003461,-0.0006421,-0.0004609,-0.00803,0.0035106,1.11783782405518,2.8667873812538396,1.92
2019-11-08,-8.38e-05,0.00256575,0.00092155,-0.0013597,0.00246306,1.1200022673713699,2.90142617669745,1.94
2019-11-12,0.00070962,0.00064454,0.00023039,0.00045296,0.00210578,1.12501687342592,2.9170502342562203,1.92
2019-11-13,9.61e-05,0.00193112,-0.0010372,0.00271346,0.00032357,1.13443641614613,2.99160502847362,1.88
2019-11-14,0.00062859,-0.0032206,-0.0005767,0.00504551,0.00145478,1.13894319302023,3.01749072889062,1.81999999999999
2019-11-15,0.00045106,0.00514802,0.00299505,-0.0008092,0.00721025,1.13663166879106,2.973352791629,1.83999999999999
2019-11-18,1.64e-06,-0.0103227,-0.001266,0.00170748,0.0007374,1.14955586469995,3.0195735214157495,1.81
2019-11-19,-6.69e-05,-0.0091206,-0.0035766,0.00188383,-0.0002885,1.15920246857979,3.08075821392283,1.79
2019-11-20,0.00062403,0.01300408,-0.0020826,0.00366776,-0.0037257,1.16787770755685,3.1249072971067697,1.73
2019-11-21,-0.0002533,0.00900328,0.00023162,-0.0025034,-0.0016102,1.17293432666723,3.09258916351402,1.77
2019-11-22,0.00058601,-0.0006404,0.00381393,-0.0001791,0.0022214,1.15969347991767,3.07180459607487,1.77
2019-11-25,0.00087595,0.0,0.00264962,0.00044757,0.00772031,1.1415513225987701,3.05161919196082,1.76
2019-11-26,0.00099531,0.00574898,0.00114982,0.0018776,0.00226313,1.13018120645875,3.04699887023936,1.74
2019-11-27,0.0005577,-0.0051086,0.00126328,-0.0025938,0.00444756,1.12394126202662,3.00686712330155,1.77
2019-11-29,0.00033023,-0.0200459,-0.002183,-0.0008063,-0.0037155,1.12194339447152,3.00571612055686,1.78
2019-12-02,-0.0007164,-0.0013072,-0.0006738,-0.0035892,-0.0085311,1.12040404524328,3.01475507968658,1.83
2019-12-03,0.00113972,0.00065381,-0.0013876,0.00887858,-0.006729,1.13917232722066,3.12890599927256,1.72
2019-12-04,0.00034312,0.01556452,0.00300405,-0.0038467,0.00615129,1.12233300163208,3.04339185496465,1.77
2019-12-05,0.0006837,0.00192864,0.00149865,-0.0023331,0.00179637,1.10736191779406,3.01592797015872,1.8
2019-12-06,0.00084399,0.00640207,0.00138137,-0.0030592,0.00909257,1.0850353645917499,2.9533580831988298,1.83999999999999
2019-12-09,0.00075821,-0.0012771,0.0,0.0008107,-0.0031491,1.07613843712546,2.93089837149879,1.83
2019-12-10,0.00073824,0.00446287,0.00241282,-0.0011712,-0.0011157,1.07262273507329,2.89230076622737,1.85
2019-12-11,0.00095202,-0.0044629,0.00206351,0.00413819,0.00283462,1.07184031551395,2.89483061654705,1.79
2019-12-12,0.00042596,0.00890591,0.00228781,-0.0079315,0.00858211,1.05440003531866,2.77187435774422,1.9
2019-12-13,0.00261995,0.00505371,0.00102781,0.00586459,0.00059894,1.05455307429963,2.7908599340055003,1.81999999999999
2019-12-16,0.00090572,0.00690741,0.00193854,-0.0046889,0.00684655,1.04210286412508,2.72227823268304,1.89
2019-12-17,0.00109041,0.00437091,0.00307115,9.04e-05,0.00021907,1.03301242275791,2.7092225833700003,1.89
2019-12-18,0.00098113,0.00062286,0.0018155,-0.0027149,6.26e-05,1.02569164986577,2.66617999004773,1.92
2019-12-19,0.00091896,0.00434918,-0.0005127,0.00078375,0.00409062,1.01787473220111,2.66732556661152,1.92
2019-12-20,0.00074396,-0.0012407,-0.0014809,0.0,0.00436518,1.01534174816537,2.6543042195836803,1.92
2019-12-23,0.00019846,0.00037515,0.00045589,-0.0009072,0.0015266,1.01383531463713,2.63710352188718,1.93
2019-12-24,0.00039023,0.00440391,0.00079731,0.00172297,3.11e-05,1.01786533176381,2.65070089941981,1.9
2019-12-26,0.00030887,0.00750473,0.00147904,0.00144862,0.00530917,1.01389885669547,2.6440684931416802,1.9
2019-12-27,0.00100023,0.00186741,-0.0004549,0.00144652,-0.0002478,1.01389885669547,2.6440684931416802,1.88
2019-12-30,0.00044472,-0.0018674,-0.0006827,-0.0006326,-0.0055285,1.01389885669547,2.6440684931416802,1.9
2019-12-31,-0.0002571,-0.00625,0.00091013,-0.0036225,0.00242636,1.01389885669547,2.6440684931416802,1.92
2020-01-02,0.00123189,0.00125313,0.00419859,0.00461644,0.00930843,1.01389885669547,2.6440684931416802,1.88
2020-01-03,0.00140691,0.01182709,-0.0010197,0.00666069,-0.0076011,1.01389885669547,2.6440684931416802,1.8
2020-01-06,0.00031009,0.00185471,-0.0010207,-0.0010771,0.00380776,1.01389885669547,2.6440684931416802,1.81
2020-01-07,0.00051099,-0.0006179,-0.0009082,-0.0014379,-0.0028157,1.01389885669547,2.6440684931416802,1.83
2020-01-08,9.71e-06,-0.0149442,0.00090816,-0.0023411,0.00531538,1.01389885669547,2.6440684931416802,1.87
2020-01-09,0.00136739,-0.0044011,0.00260638,0.00072092,0.00675782,1.02567481019943,2.6074496687597097,1.85
2020-01-10,0.00132076,0.0,0.00033946,0.00215963,-0.0028818,1.01543302565292,2.59596713602707,1.83
2020-01-13,0.000571,-0.0075902,0.0,-0.0011692,0.00685374,1.01310795103259,2.7742703724016797,1.85
2020-01-14,0.00080897,0.0044346,-0.0001131,0.00197788,-0.0015258,1.02566062595097,2.7816768082068104,1.81999999999999
2020-01-15,0.00091915,-0.0050697,0.00022627,0.00251166,0.00225734,1.02572831728972,2.77638522989224,1.79
2020-01-16,5.85e-05,-0.0012715,0.00033931,-0.0020627,0.00828395,1.00956069916002,2.74692441485644,1.81
2020-01-17,2.51e-05,0.00317561,-0.0007919,-0.0008083,0.0031077,0.993262431089477,2.5657601676332398,1.83999999999999
2020-01-21,0.00065061,-0.0057234,-0.0021526,0.00394549,-0.00196,0.998174941583142,2.62994815029707,1.78
2020-01-22,-0.0003698,-0.0134834,0.00181303,0.00017897,0.00012073,0.986647282965465,2.6530942385443,1.77
2020-01-23,1.25e-05,-0.0084389,-0.0030614,0.00250224,0.0011462,0.993479776083432,2.70301897769962,1.74
2020-01-24,0.00020438,-0.015107,-0.0042105,0.0035638,-0.0089328,1.00952549248365,2.78421527674189,1.7
2020-01-27,-0.0015805,-0.0187046,-0.006751,0.00673642,-0.0161593,1.0468434842007,2.9702975236433202,1.60999999999999
2020-01-28,0.00076065,0.00470906,0.00857393,-0.0033625,0.01042461,1.03071380167641,2.8655600849373597,1.65
2020-01-29,0.00084401,-0.0047091,-0.0005693,0.00477497,-0.0008263,1.03208401535437,2.8705746237317,1.6
2020-01-30,-0.0009814,-0.0088047,0.00102453,0.00096989,0.00324011,1.05105146044516,2.95111758132464,1.56999999999999
2020-01-31,1.9e-05,-0.0081968,-0.0041044,0.00501078,-0.0183248,1.06815152540305,2.99411047180396,1.51
2020-02-03,0.00042452,-0.0186921,-0.0001512,-0.0008475,0.00740113,1.05890402381854,2.96979081054266,1.54
2020-02-04,0.00044047,0.00139665,0.00594899,-0.005817,0.01512629,1.03607522554224,2.87962894940409,1.60999999999999
2020-02-05,0.00029225,0.01523575,0.0040979,-0.0043407,0.01148188,1.00919587228397,2.80419521848904,1.66
2020-02-06,0.00145095,0.00411523,0.00079487,0.00070998,0.00335913,0.993332475030829,2.7672986948888596,1.65
2020-02-07,0.0010643,-0.0054907,-0.0014767,0.00477919,-0.0053439,1.0026736270435301,2.8276912656518602,1.58999999999999
2020-02-10,4.12e-05,-0.0089873,0.00136317,0.00194055,0.00743765,1.00409971036184,2.85421150981812,1.56
2020-02-11,0.00068191,0.00346621,0.00068089,-0.0023821,0.0017315,0.9951721982309191,2.70471827525535,1.58999999999999
2020-02-12,0.0002096,0.01374592,0.00260579,-0.0025649,0.00642209,0.9877755266767809,2.65365799246112,1.62
2020-02-13,0.00028266,0.00068236,0.00033939,0.00088519,-0.0010675,0.984316106826342,2.6627811546520097,1.60999999999999
2020-02-14,0.00079473,-0.0006824,-0.0001131,0.00247437,0.00160081,0.987027018698721,2.69889007990204,1.58999999999999
2020-02-18,0.00055995,0.00748048,-0.0020383,0.00158744,-0.0025803,0.9925459864947641,2.7298098789916296,1.55
2020-02-19,0.00017626,0.00944039,0.00045331,-0.0001763,0.00476988,0.9941110457797699,2.7028197141066403,1.56
2020-02-20,0.00072789,-0.004035,0.00169808,0.00290429,-0.0041168,1.00869823556173,2.7233207117596203,1.52
2020-02-21,0.00091289,-0.0040513,-0.0009053,0.00403439,-0.0103517,1.02526913236841,2.79343162698239,1.46
2020-02-24,-0.0020046,-0.0191263,-0.0108134,0.00775975,-0.0337279,1.09305017294097,3.04607429309855,1.38
2020-02-25,-0.001306,-0.0187962,-0.0070055,0.00277537,-0.0307707,1.11965929570053,3.16345514829337,1.33
2020-02-26,-0.002258,-0.0098871,0.00103669,-0.0005198,-0.003685,1.13959101198382,3.2444760422134102,1.33
2020-02-27,-0.0058822,-0.0171801,-0.0135615,0.00484095,-0.0459515,1.20762641826373,3.5373007887782597,1.3
2020-02-28,-0.0040593,-0.0174804,0.00407617,0.01114839,-0.0042104,1.33011976119776,3.9333596081051003,1.13
2020-03-02,0.0015489,0.02252184,0.00753566,-0.0006793,0.04239505,1.33140540009202,3.86296897195645,1.1
2020-03-03,0.00320757,0.00215285,-0.0042961,0.01155297,-0.0290503,1.3251008784621998,3.8162660517030402,1.02
2020-03-04,0.00198382,0.00071659,0.0136371,-0.0021984,0.04117365,1.31493382289027,3.71012604502218,1.02
2020-03-05,-0.0026112,-0.0108031,-0.0127067,0.0088485,-0.0338068,1.35923032111517,3.92714058325133,0.92
2020-03-06,-0.0027259,-0.0331278,-0.0113405,0.01010067,-0.0166693,1.5045573857795902,4.42346758239949,0.74
2020-03-09,-0.0222166,-0.0810412,-0.0439869,0.00893011,-0.0813126,1.85890274672821,5.97089066000439,0.54
2020-03-10,-0.0025234,0.03116513,0.01524141,-0.0185275,0.05045058,1.84230924848213,5.775809628855921,0.76
2020-03-11,-0.0096896,-0.0182617,-0.0220219,-0.0100292,-0.0499766,1.9827025349307201,6.0300514013135,0.82
2020-03-12,-0.0247237,-0.0408888,-0.0407756,0.00050809,-0.1005689,2.3394054234671797,7.0502163999033405,0.88
2020-03-13,-0.0032524,0.01079296,0.03095515,-0.0065401,0.08202807,2.37066766347552,6.93435907364791,0.94
2020-03-16,-0.0206976,-0.0621741,-0.056534,0.02607381,-0.1158865,2.66930814221208,8.29781663467009,0.73
2020-03-17,-0.0150035,-0.0159437,0.00934156,-0.0253923,0.05258493,2.83011056429249,8.5356549727916,1.02
2020-03-18,-0.0362273,-0.0335937,-0.0451366,-0.0139778,-0.0519597,3.33344120048479,9.72117696381698,1.18
2020-03-19,-0.0241592,0.02101494,-0.0227251,0.00327615,0.00212275,3.9115543343126,11.066522420561801,1.12
2020-03-20,-0.0026519,-0.0109092,-0.0226799,0.02515856,-0.0437702,4.141988268526109,11.552127568625302,0.92
2020-03-23,-0.0168899,0.01181295,-0.0161877,0.01176533,-0.0259007,4.11918458204421,12.2169013076539,0.76
2020-03-24,0.00217363,0.02144854,0.0404081,-0.0068254,0.08673101,3.8432732879049096,11.9882155033622,0.84
2020-03-25,0.01456105,0.01665975,0.02773931,0.00058448,0.01485924,3.45095159937262,11.1527439403486,0.88
2020-03-26,0.02284893,-0.0034843,0.04471803,0.00241778,0.05674862,3.09718089036248,10.3591756128822,0.83
2020-03-27,0.00612749,-0.0034965,0.00259977,0.00738378,-0.0302382,3.01356398812589,10.0533092970751,0.72
2020-03-30,0.00634413,-0.0026304,0.00853159,0.00231176,0.03195954,2.90345649294423,9.96362609201449,0.7
2020-03-31,0.00533404,-0.0123676,-0.0080124,0.00181264,-0.0150176,2.72343989382385,9.64953720020083,0.7
2020-04-01,-0.0046669,-0.0288568,-0.0276745,0.00405913,-0.046049,2.82572340561131,10.036311086790601,0.62
2020-04-02,-0.0027686,0.01903093,0.0077468,0.00016415,0.02281315,2.87306400497897,9.96594033091748,0.63
2020-04-03,-0.0023356,0.02482397,-0.0216537,0.00073834,-0.0145597,2.9206407437645496,9.96506734985249,0.62
2020-04-06,0.00300071,0.00524019,0.02404576,-0.0045206,0.0650068,2.84941330657518,9.70006202445475,0.67
2020-04-07,0.00591693,0.00694447,0.0,-0.0044584,0.00101889,2.72147447208011,9.17261032907452,0.75
2020-04-08,0.00416339,-0.0025985,0.02568275,-0.001242,0.03301732,2.5979341806671,8.951065103417399,0.77
2020-04-09,0.01681432,0.00259853,0.06340593,0.00215178,0.01510269,2.33329060663614,7.76782506702062,0.73
2020-04-13,0.00493484,0.01715308,-0.014431,-0.0021518,-0.0091721,2.13566675687429,7.54128491041884,0.76
2020-04-14,0.00676688,-0.0085398,0.00417948,0.00132472,0.02906631,2.04763211349515,7.21492666416468,0.76
2020-04-15,8.04e-05,-0.020798,-0.0093666,0.00889627,-0.0214771,2.13504323626981,7.55042060790056,0.63
2020-04-16,0.0022212,-0.0026304,-0.0009911,0.00106553,0.00481271,2.16380883697357,7.496548982206471,0.61
2020-04-17,0.00246046,0.00438021,0.00506894,-0.0026249,0.02665693,2.1361813689428497,7.39460287828776,0.65
2020-04-20,-0.0012827,-0.0167479,-0.0151593,0.00262489,-0.017775,2.16514675540005,7.70123872301437,0.63
2020-04-21,-0.0049257,-0.048257,-0.0184488,0.00278142,-0.0308338,2.26109046598196,8.15988428919807,0.58
2020-04-22,-0.0011447,0.01389555,0.0087614,-0.0031091,0.02195184,2.2145207475933,8.0106807743066,0.63
2020-04-23,0.0013592,-0.0027637,-0.0005058,0.00065536,-7.17e-05,2.2013475458439298,7.93319597359065,0.61
2020-04-24,-0.0016763,-0.0129993,-0.0094041,0.00024565,0.01384241,2.1985651443088,7.98496140275917,0.6
2020-04-27,-0.0017306,-0.0188685,0.00407748,-0.005336,0.01431553,2.1952609225549597,8.00524316605636,0.67
2020-04-28,0.00126293,0.00095193,0.00304723,0.00435301,-0.0046091,2.1761393912743303,7.99031498025661,0.62
2020-04-29,0.00244592,0.01791656,0.01746824,-0.0004918,0.02584177,2.10694639979544,7.770493942141281,0.63
2020-04-30,0.00301887,0.01851905,0.00199129,-0.0023807,-0.0093543,2.09190681089291,7.61262744284904,0.64
2020-05-01,-0.0014918,-0.0129272,-0.0173104,0.00138022,-0.0268302,2.13824604452959,7.71219725832736,0.64
2020-05-04,-0.0016577,0.01200938,-0.001399,0.00016431,0.00275443,2.16811054175369,7.73113840511082,0.64
2020-05-05,0.00278941,0.02538668,0.00861747,-0.0007396,0.00919692,2.1164489930831802,7.51449986350812,0.66
2020-05-06,-0.0008484,-0.0198922,-0.0056944,-0.0037063,-0.0068018,2.15182096216804,7.4526652527151205,0.72
2020-05-07,0.00312293,0.00637235,0.00253486,0.00608755,0.01199462,2.1509373918384598,7.452223688066461,0.63
2020-05-08,0.00112642,0.02065632,0.00944889,-0.003286,0.01641077,2.0692034383896503,7.3746054697490795,0.69
2020-05-11,0.00054134,-0.013423,-0.0045243,-0.0028016,0.00020515,2.0725997908001,7.34611533416306,0.73
2020-05-12,0.00452265,-0.0081412,-0.0012604,0.00329517,-0.0201329,2.06361545969503,7.24441760124384,0.69
2020-05-13,-0.0005486,-0.0100412,-0.0053111,0.00205398,-0.0178441,2.06827130337747,7.42519176271506,0.64
2020-05-14,-0.0021244,0.01728101,-0.0034292,0.00155821,0.01189629,2.0708227477481502,7.73089708214362,0.63
2020-05-15,0.00071068,0.00986998,0.00139851,-0.0006558,0.00458644,2.0423794382944602,7.75465056922411,0.64
2020-05-18,0.00478346,0.02817088,0.01750564,-0.0061691,0.030005,1.95430841976967,7.33433860474642,0.73
2020-05-19,0.00377951,-0.0026076,0.00124766,0.00280135,-0.0103243,1.89601201436201,7.22373651694777,0.7
2020-05-20,0.00469354,0.01725668,0.01054273,0.0002468,0.01684536,1.8352048112981298,7.00325820033115,0.68
2020-05-21,0.00446365,-0.0042863,-0.0002468,0.00065784,-0.0069279,2.2425528857034998,5.3961487548212,0.68
2020-05-22,0.000816,-0.007762,0.00246518,0.00188888,0.00189728,2.11618242722187,5.398417282777229,0.66
2020-05-26,0.00505552,0.01033601,0.00748148,-0.002629,0.01224533,2.10857532883926,5.3840627822292095,0.69
2020-05-27,0.00410733,-0.0129368,0.00207507,0.0008223,0.01476936,2.16495055735693,5.31047094888983,0.68
2020-05-28,0.00222597,0.00519482,0.00097502,-0.0009046,-0.0018467,2.1512052922342,5.24514669799775,0.7
2020-05-29,0.00192178,0.01712371,0.00401192,0.00320342,0.00444599,2.14285578201702,5.29234500448193,0.65
2020-06-01,0.00171157,0.00592469,0.00750853,-0.0003914,0.00403365,2.12605720472768,5.29350228854385,0.66
2020-06-02,0.00444773,0.01091073,0.00986415,-0.0016438,0.00824606,2.10448448177758,5.1055865604465405,0.68
2020-06-03,0.0066631,0.0,0.00465756,-0.0059401,0.01322046,2.04110637320243,5.02966848062302,0.77
2020-06-04,0.00214103,0.0083126,-0.0031026,-0.0039798,-0.0026301,2.03305951453707,4.98512871865916,0.82
2020-06-05,0.00889443,0.01967277,0.00939756,-0.0049971,0.02530657,1.9879298922806101,4.86753323344384,0.91
2020-06-08,0.00581602,-0.0065147,0.00118329,0.00108483,0.01201496,1.9974968668537598,4.84236496211346,0.88
2020-06-09,-0.0002565,0.00326265,-0.0078357,0.00357991,-0.0074846,2.00706149633598,4.88777407865658,0.84
2020-06-10,-0.0001686,0.00649353,-0.0014313,0.0074516,-0.0055956,2.00934116484733,4.9526717866534105,0.75
2020-06-11,-0.0075094,-0.0328977,-0.0259975,0.0035407,-0.0593774,2.07634826043746,5.09350914466431,0.66
2020-06-12,-0.0001339,0.00417189,0.00987391,-0.0022218,0.01190451,2.0462307584510198,5.06738308642153,0.71
2020-06-15,-0.0015345,0.00911734,0.00965725,-0.0008241,0.00929235,2.0412383020165397,5.00995830770579,0.71
2020-06-16,0.00526726,0.00821697,0.00407626,-0.0020633,0.01906479,2.01613514789245,4.94093175897505,0.75
2020-06-17,0.00101446,-0.0049221,-0.0046771,0.0015685,-0.0041625,1.98347252141485,4.97685167763056,0.74
2020-06-18,-0.0008994,0.00574007,-0.0003607,0.0022247,0.00038496,2.02805550822165,4.9955961761953604,0.71
2020-06-19,0.00018718,0.00814337,-0.0033727,0.00032916,-0.0056957,1.87062825809007,5.00744075090682,0.7
2020-06-22,1.75e-05,0.0104882,-0.0007242,-0.0009055,0.00639475,1.88411100242408,4.88748972198587,0.71
2020-06-23,0.00049995,-0.004827,0.00144788,-0.0003295,0.00459313,1.90426143620737,4.8773447156966,0.72
2020-06-24,-0.002277,-0.0253178,-0.0103012,0.00189293,-0.0258397,1.60463367032591,5.91462139273431,0.69
2020-06-25,-0.0020648,0.00905729,0.00036539,0.00016443,0.01066345,1.6315198354353,6.07047769372235,0.68
2020-06-26,-0.0009318,-0.0123713,-0.0095437,0.00270925,-0.024038,1.64529727587638,6.210987557478799,0.64
2020-06-29,-0.0024824,0.01646128,-0.0056713,0.00098336,0.01459059,1.65144215749567,6.33501421554804,0.64
2020-06-30,-0.0003083,0.004886,0.00910776,-0.0018036,0.01272822,1.62005000043686,6.345513732496269,0.66
2020-07-01,0.00115323,0.00809066,0.00310904,-0.0015594,0.00698038,1.58574053817149,6.18599572254126,0.69
2020-07-02,0.00217418,0.00402091,0.00733231,0.0012331,0.00549178,1.56778662294664,6.07656128354565,0.68
2020-07-06,0.00302761,0.00799365,0.00715805,-0.0014799,0.01531939,1.5147571918091898,5.90746332432903,0.69
2020-07-07,0.00105873,0.00079586,-0.0066711,0.00320368,-0.0103674,1.5273250532288798,5.89235632826877,0.65
2020-07-08,-7.8e-05,0.01264839,0.0026738,-0.0015595,0.00761957,1.5142295247363,5.934821249414269,0.67
2020-07-09,0.00055173,-0.0118532,-0.0021871,0.00319843,-0.0057092,1.54433479058555,6.02673300533304,0.62
2020-07-10,-0.0009396,0.00633917,0.00340012,-0.0019671,0.0101588,1.5462389350797598,6.01097633261071,0.65
2020-07-13,0.00113782,-0.0103216,-0.0054701,0.00106597,-0.0086967,1.53354325359022,5.89358432339641,0.64
2020-07-14,-2.59e-05,0.00477708,0.00849623,-8.2e-05,0.01287571,1.54996210493573,5.94122222299211,0.63
2020-07-15,0.00215958,0.0118438,0.00566437,-0.0003279,0.00914531,1.5212055855319901,5.754640304173949,0.64
2020-07-16,0.00072291,-0.0078803,0.00096096,0.00073761,-0.0032989,1.50659661338042,5.70909134896169,0.62
2020-07-17,0.00084037,0.00158103,0.00275763,-0.0002458,0.0028949,1.50659661338042,5.70909134896169,0.64
2020-07-20,0.00230193,-0.0007902,0.00596874,0.00065536,0.00804908,1.50659661338042,5.70909134896169,0.62
2020-07-21,0.00281987,0.01412896,0.00463101,0.00106405,0.00212527,1.50659661338042,5.70909134896169,0.61
2020-07-22,0.0022963,0.00621603,0.00201195,0.00032717,0.00567599,1.50659661338042,5.70909134896169,0.6
2020-07-23,0.00082158,-0.0023265,-0.0007096,0.00098087,-0.0120035,1.50659661338042,5.70909134896169,0.59
2020-07-24,0.00012613,0.00155159,0.00094607,-0.0004903,-0.0064613,1.50659661338042,5.70909134896169,0.59
2020-07-27,0.00083373,0.00925933,0.00236128,-0.0015543,0.00726598,1.50659661338042,5.70909134896169,0.62
2020-07-28,0.00048495,-0.0053908,-0.0025977,0.00237132,-0.0063626,1.50659661338042,5.70909134896169,0.59
2020-07-29,0.00132227,0.00539085,0.00554149,0.00130591,0.01222377,1.50659661338042,5.70909134896169,0.58
2020-07-30,0.00078174,-0.0115876,0.00211417,0.00134494,-0.0035743,1.50659661338042,5.70909134896169,0.55
2020-07-31,0.00027218,0.00542427,0.00187551,0.00028506,0.00787115,1.50659661338042,5.70909134896169,0.55
2020-08-03,0.00115424,0.00999624,0.00024851,-0.0004894,0.00692805,1.50659661338042,5.70909134896169,0.56
2020-08-04,0.00194936,0.00534149,-0.0003527,0.00341881,0.00385521,1.50659661338042,5.70909134896169,0.52
2020-08-05,0.00156847,0.00833654,0.00176232,-0.0033373,0.00619178,1.50659661338042,5.70909134896169,0.55
2020-08-06,0.00077473,0.00751883,0.00222783,0.00114081,0.00666229,1.50659661338042,5.70909134896169,0.55
2020-08-07,0.00066124,-0.0135749,-0.0024626,-0.0021197,0.0007176,1.50659661338042,5.70909134896169,0.57
2020-08-10,0.00042485,0.00530103,0.00046954,-0.0010615,0.00298445,1.50659661338042,5.70909134896169,0.59
2020-08-11,6.55e-05,-0.0159882,-0.0090776,-0.0034373,-0.0082889,1.50659661338042,5.70909134896169,0.64
2020-08-12,0.00039725,0.01068712,0.00023683,-0.0029557,0.01384601,1.3887232557535298,4.94419071145341,0.69
2020-08-13,-0.0011528,0.00530103,-0.0027269,-0.0020577,-0.0018094,1.40548341212936,5.0121250274562605,0.71
2020-08-14,-0.0005841,0.0,-0.0017824,0.00049423,2.97e-05,1.4336590212582399,5.1248884733565605,0.71
2020-08-17,0.00140995,0.01647977,0.00592911,0.00164568,0.00317155,1.45074379032828,5.18889555963695,0.69
2020-08-18,-0.0003965,0.00222635,0.00153583,0.00172506,0.00215801,1.46108411193247,5.21249241213637,0.67
2020-08-19,0.00020263,-0.0029696,-0.0028372,-0.0013141,-0.0041724,1.46990425631922,5.221501900031821,0.68
2020-08-20,0.00016453,-0.0014881,0.0033093,0.00287227,0.00310876,1.47473719087331,5.247806459667159,0.65
2020-08-21,4.64e-05,-0.009727,-0.000118,0.00073725,0.00354108,1.47708365152144,5.23656999953624,0.64
2020-08-24,0.00115672,0.00524936,0.00459175,-0.001393,0.01008215,1.4630849674400699,5.1910066009656495,0.65
2020-08-25,7.31e-05,0.00819371,0.00105665,-0.002422,0.00349325,1.46389499781789,5.1001556149,0.69
2020-08-26,0.00043113,0.00222305,-0.0001174,-0.00037,0.00997565,1.4618503837949601,5.01496570595497,0.69
2020-08-27,5.51e-06,-0.0037078,-0.0015268,-0.0035422,0.00218422,1.46866254868753,4.99187752004115,0.74
2020-08-28,0.00023292,0.00666422,0.00082242,0.00164908,0.00643862,1.47364103775302,4.99296186490534,0.74
2020-08-31,0.00157086,-0.0007383,-0.0014103,0.00107044,-0.0036291,1.4604938063358401,4.96125183111586,0.72
2020-09-01,0.00225115,0.00147602,0.00541133,0.00327044,0.00937449,1.43357466109389,4.94839745504606,0.68
2020-09-02,0.00273039,-0.0133632,0.00117371,0.00139453,0.01436038,1.4247916773918101,4.88333251476241,0.66
2020-09-03,0.00051911,-0.0090091,-0.0062364,0.00131072,-0.0350204,1.43010475877385,4.9456607103697,0.63
2020-09-04,-0.0024045,-0.009091,-0.0027185,-0.0055825,-0.0081982,1.4254855323943598,4.95540272698703,0.72
2020-09-08,-0.0007584,-0.0246546,-0.0055783,0.00213816,-0.0277031,1.46508972855552,5.07020993953664,0.69
2020-09-09,0.00107681,0.00931684,0.00782458,-0.000493,0.01955486,1.4714811419213,5.053452432089601,0.71
2020-09-10,0.00056122,-0.0100972,-0.0047349,0.00123208,-0.0175162,1.4676965658357302,5.01830786200043,0.68
2020-09-11,0.00025428,0.0070012,0.00201505,0.00155846,0.00050902,1.46589149893576,5.08818615365671,0.67
2020-09-14,0.00105702,0.00077489,-0.0010663,-0.000902,0.0130853,1.4716556261787699,5.05146309310077,0.68
2020-09-15,-3.47e-05,0.00540751,0.0027227,-0.0004923,0.00503958,1.45482258406744,5.00382137962192,0.68
2020-09-16,-0.0003874,0.01832112,0.0,-0.0005747,-0.0039765,1.44414002126762,4.91837396827913,0.69
2020-09-17,-0.0009841,0.01128256,-0.0010645,0.00028739,-0.0088341,1.45147793892478,4.96199737988481,0.69
2020-09-18,-0.0002505,0.00447762,-0.0024883,-0.0008624,-0.0115242,1.4480059224722002,4.96018942863448,0.7
2020-09-21,-0.0032579,-0.0248788,-0.0081001,0.00180609,-0.011192,1.4912091417434201,5.2124354036440295,0.68
2020-09-22,-0.0010317,-0.0045907,0.00346248,0.0,0.01013291,1.5013988892185501,5.2989597321999495,0.68
2020-09-23,-0.0016378,-0.0115697,-0.0101828,0.0,-0.0234642,1.5402466541881699,5.34524800064586,0.68
2020-09-24,-0.0024053,0.00464397,0.00060187,0.000492,0.00266196,1.57668186702263,5.540770952174641,0.67
2020-09-25,-0.0013684,0.0,-0.0018067,0.00081947,0.01603763,1.6058898945553801,5.590917969177919,0.66
2020-09-28,0.00110535,0.00845834,0.00648885,-0.0001638,0.01647295,1.59232583238101,5.48547528933865,0.67
2020-09-29,0.00027689,-0.0115519,0.00083807,0.00073707,-0.0054609,1.59262220410359,5.4247249554330805,0.66
2020-09-30,0.00090353,0.01155192,0.00406068,-0.0027053,0.00755331,1.56384383099605,5.32046543249474,0.69
2020-10-01,0.00123867,-0.0123268,0.00342872,0.00056859,0.0063995,1.5605035801437501,5.231995638446239,0.68
2020-10-02,-0.0006278,-0.0124807,0.0,-0.0010267,-0.0095398,1.57319390518745,5.2732355018388795,0.7
2020-10-05,0.00124165,0.02557288,0.00748711,-0.0063066,0.01757765,1.5298173893062,5.08726853847128,0.78
2020-10-06,0.00221306,0.00381826,-0.0022521,0.0023129,-0.0143179,1.4994098802694402,4.98492145215772,0.76
2020-10-07,5.21e-05,0.00380373,0.00355366,-0.002892,0.01725686,1.48740548804418,4.904052934163221,0.81
2020-10-08,0.00150892,0.00982252,0.00224414,0.00181878,0.0088235,1.4750112145515002,4.85187658183463,0.78
2020-10-09,0.00122803,0.00300301,0.00223911,-0.0004957,0.00889049,1.46430616682845,4.81643750870811,0.79
2020-10-12,1.11e-05,-0.0105502,0.00504903,0.00107371,0.01595961,1.4618328595973302,4.83030566270824,0.79
2020-10-13,0.00108827,0.00227015,-0.0044606,0.00222635,-0.0065475,1.45171219084911,4.81355467885183,0.74
2020-10-14,-0.0001249,0.00677969,-0.0024736,0.00032941,-0.0063032,1.4685231577092401,4.82706828846131,0.73
2020-10-15,-0.0018163,0.0029985,-0.0007079,-0.001071,-0.0012366,1.47839341228694,4.95328116418041,0.74
2020-10-16,0.00028592,-0.0067593,-0.0011809,-0.0005772,-0.0006045,1.4631293685431999,4.9053865524090705,0.76
2020-10-19,0.00040991,0.0007533,-0.0035511,-0.0016508,-0.0153202,1.4552344353874802,4.85107318319669,0.78
2020-10-20,-0.0009105,0.01123187,0.00355114,-0.0021502,0.00399773,1.3337145616122998,4.83678352520701,0.81
2020-10-21,0.00045439,-0.0082243,-0.0001182,-0.0013255,-0.0018947,1.33581621397636,4.82457934945669,0.83
2020-10-22,-0.0002599,0.0029985,0.00177106,-0.0034878,0.00547038,1.32219624449861,4.80604525270034,0.87
2020-10-23,0.00049868,-0.0075132,0.00117897,0.00141319,0.00338939,1.3107803366757802,4.79894786188415,0.85
2020-10-26,-0.0010521,-0.0144325,-0.0088763,0.00265472,-0.0186528,1.32916306055135,4.90507829550989,0.81
2020-10-27,-0.0003075,0.0068624,0.0004754,0.00223445,-0.0034533,1.31882237655335,4.99080683491134,0.79
2020-10-28,-0.0032104,-0.0269558,-0.0083523,-8.27e-05,-0.0347767,1.3414493273744301,5.24186410342808,0.79
2020-10-29,-0.0004694,-0.0125689,0.0028715,-0.0042252,0.01011217,1.3435540676744298,5.23894903083333,0.85
2020-10-30,-0.0011388,0.0,0.00214823,-0.0032431,-0.0104796,1.34749270369904,5.2460645475857905,0.88
2020-11-02,0.00080759,0.01801851,0.00237903,0.00171404,0.01114608,1.3501869442054102,5.20840130437201,0.87
2020-11-03,0.00210871,0.00619197,0.00856333,-0.002249,0.01750191,1.3448324397914002,5.08029640028414,0.9
2020-11-04,0.0053691,0.01074454,0.00931226,0.00838701,0.02210311,1.36435807282044,4.82649315880162,0.78
2020-11-05,0.00409771,0.0045697,0.00351371,-0.0001654,0.01931508,1.31876147143169,4.54277878657926,0.79
2020-11-06,0.00035291,-0.0038066,-0.0035137,-0.0033967,-0.0002284,1.29575478475067,4.591274195656499,0.83
2020-11-09,0.00625523,0.01213055,0.00759749,-0.0074133,0.01248739,1.20104332648021,4.16692991803581,0.96
2020-11-10,-0.0003144,0.01940359,-0.0013983,-0.0028466,-0.0014677,1.2138807614027,4.1971991464544995,0.98
2020-11-11,0.00090088,-0.0007394,-0.0003499,0.00159176,0.00740108,1.21561928048963,4.20850549843139,0.98
2020-11-12,0.00029509,-0.0081694,-0.0067884,0.00567614,-0.0097482,1.25080270662195,4.39776628748053,0.98
2020-11-13,0.00013168,-0.0044843,0.00339997,-0.0013327,0.0137495,1.26405211127395,4.47893016309899,0.98
2020-11-16,0.00226332,0.00894861,0.00560226,-0.0007504,0.01240528,1.25127831991474,4.37175644886259,0.98
2020-11-17,0.00074497,0.00296516,0.0003491,0.00258237,-0.0053928,1.24361712419836,4.36226890449812,0.98
2020-11-18,0.0007716,0.00147929,-0.0018633,-0.0003328,-0.0121078,1.22713057738512,4.28597033052342,0.98
2020-11-19,0.00106143,0.0,0.00337465,0.00108131,0.00420133,1.22188744414926,4.32817204194035,0.98
2020-11-20,0.00119874,0.00516035,-0.0018605,0.00174426,-0.0068713,1.22667872777791,4.361508175399059,0.98
2020-11-23,0.00106783,0.00293686,0.00151189,-0.0019937,0.00597653,1.21775355313391,4.30265037546049,0.98
2020-11-24,0.00214988,0.02103814,0.00301694,-0.0015812,0.01598524,1.2012675638735,4.19033035293284,0.98
2020-11-25,0.00041818,0.00857761,-0.0004636,0.00033308,-0.001543,1.21798002117064,4.13188387518306,0.98
2020-11-27,0.00129267,-0.0021375,0.0016215,0.00299277,0.00278111,1.1951152057849301,4.1807226453317,0.98
2020-11-30,0.00027633,-0.0057225,-0.0010421,-0.0006643,-0.0044369,1.1768251386997,4.17449310866974,0.98
2020-12-01,0.00085496,-0.0028736,0.00256953,-0.0053321,0.01087803,1.12861935455916,4.08674569576139,0.98
2020-12-02,0.00076961,0.00430726,0.00278035,-0.0016727,0.0021015,1.1248964454030301,4.03031138945697,0.98
2020-12-03,0.00178601,0.00143164,0.00057827,0.00267492,-0.0002727,1.11798653516232,3.94189195584478,0.98
2020-12-04,0.00155859,0.00428266,0.00415369,-0.0039313,0.00858071,1.12014194809816,3.86077274725757,0.98
2020-12-07,0.00142218,0.0,-0.0004607,0.00309611,-0.002057,1.12432528481369,3.85526437168815,0.98
2020-12-08,0.00059147,0.00142349,-0.0008067,0.00100209,0.00292184,1.1534018860908,3.84046208778481,0.98
2020-12-09,0.00025233,0.00071098,-0.0014999,-0.0014199,-0.0090093,1.1791759977745,3.88554424804517,0.98
2020-12-10,0.00126534,0.01481509,0.00184566,0.00225423,-0.0003272,1.17423737090901,3.9313247267980604,0.98
2020-12-11,0.0,-0.0028051,-0.0010378,0.0019995,-0.0011732,1.17987763976092,3.953187180024,0.98
